model,prompt,Mutation,Code Difference,Requested,iteration
gpt-3.5-turbo,exp1,0,0.0,0.0,0
gpt-3.5-turbo,exp1,0,0.06181818181818182,0.196,1
gpt-3.5-turbo,exp1,0,0.12123855211513301,0.054000000000000006,2
gpt-3.5-turbo,exp1,0,0.3062125512456638,0.017,3
gpt-3.5-turbo,exp1,0,0.1492295214922952,0.203,4
gpt-3.5-turbo,exp1,0,0.043197102948784274,0.19,5
gpt-3.5-turbo,exp1,0,0.07220398889169402,0.06,6
gpt-3.5-turbo,exp1,0,0.0,0.011000000000000001,7
gpt-3.5-turbo,exp1,0,0.0,0.045,8
gpt-3.5-turbo,exp1,0,0.0,0.034,9
gpt-3.5-turbo,exp1,0,0.0,0.011000000000000001,10
gpt-3.5-turbo,exp1,0,0.0,0.011000000000000001,11
gpt-3.5-turbo,exp1,0,0.0,0.315,12
gpt-3.5-turbo,exp1,0,0.0,0.011000000000000001,13
gpt-3.5-turbo,exp1,0,0.0,0.011000000000000001,14
gpt-3.5-turbo,exp1,0,1.4736177732895734,0.022000000000000002,15
gpt-3.5-turbo,exp1,0,0.0,0.022000000000000002,16
gpt-3.5-turbo,exp1,0,0.0,0.045,17
gpt-3.5-turbo,exp1,0,0.0,0.034,18
gpt-3.5-turbo,exp1,0,0.0,0.022000000000000002,19
gpt-3.5-turbo,exp1,0,0.0,0.011000000000000001,20
gpt-3.5-turbo,exp1,0,0.0,0.034,21
gpt-3.5-turbo,exp1,0,0.0,0.022000000000000002,22
gpt-3.5-turbo,exp1,0,0.0,0.146,23
gpt-3.5-turbo,exp1,0,0.1566452185489239,0.303,24
gpt-3.5-turbo,exp1,0,0.0,0.011000000000000001,25
gpt-3.5-turbo,exp1,0,0.0,0.045,26
gpt-3.5-turbo,exp1,0,0.0,0.034,27
gpt-3.5-turbo,exp1,0,0.0,0.011000000000000001,28
gpt-3.5-turbo,exp1,0,0.0,0.011000000000000001,29
gpt-3.5-turbo,exp1,0,0.0,0.315,30
gpt-3.5-turbo,exp1,0,0.0,0.011000000000000001,31
gpt-3.5-turbo,exp1,0,0.0,0.011000000000000001,32
gpt-3.5-turbo,exp1,0,0.0,0.022000000000000002,33
gpt-3.5-turbo,exp1,0,0.0,0.079,34
gpt-3.5-turbo,exp1,0,0.0,0.011000000000000001,35
gpt-3.5-turbo,exp1,0,0.0,0.011000000000000001,36
gpt-3.5-turbo,exp1,0,0.0,0.20199999999999999,37
gpt-3.5-turbo,exp1,0,0.0,0.011000000000000001,38
gpt-3.5-turbo,exp1,0,0.0,0.022000000000000002,39
gpt-3.5-turbo,exp1,0,0.0,0.022000000000000002,40
gpt-3.5-turbo,exp1,0,0.0,0.067,41
gpt-3.5-turbo,exp1,0,0.0,0.011000000000000001,42
gpt-3.5-turbo,exp1,0,0.0,0.022000000000000002,43
gpt-3.5-turbo,exp1,0,0.0,0.045,44
gpt-3.5-turbo,exp1,0,0.0,0.011000000000000001,45
gpt-3.5-turbo,exp1,0,0.0,0.022000000000000002,46
gpt-3.5-turbo,exp1,0,0.12799798030800302,0.055999999999999994,47
gpt-3.5-turbo,exp1,0,0.0,0.011000000000000001,48
gpt-3.5-turbo,exp1,0,0.0,0.045,49
gpt-3.5-turbo,exp1,0,0.0,0.034,50
gpt-3.5-turbo,exp1,0,0.0,0.011000000000000001,51
gpt-3.5-turbo,exp1,0,0.0,0.011000000000000001,52
gpt-3.5-turbo,exp1,0,0.05330748727889508,0.315,53
gpt-3.5-turbo,exp1,0,0.0,0.011000000000000001,54
gpt-3.5-turbo,exp1,0,0.0,0.045,55
gpt-3.5-turbo,exp1,0,0.0,0.034,56
gpt-3.5-turbo,exp1,0,0.0,0.011000000000000001,57
gpt-3.5-turbo,exp1,0,0.0,0.011000000000000001,58
gpt-3.5-turbo,exp1,0,0.06339220904911687,0.315,59
gpt-3.5-turbo,exp1,0,0.0,0.011000000000000001,60
gpt-3.5-turbo,exp1,0,0.0,0.045,61
gpt-3.5-turbo,exp1,0,0.0,0.034,62
gpt-3.5-turbo,exp1,0,0.0,0.011000000000000001,63
gpt-3.5-turbo,exp1,0,0.0,0.011000000000000001,64
gpt-3.5-turbo,exp1,0,0.0,0.315,65
gpt-3.5-turbo,exp1,0,0.0,0.011000000000000001,66
gpt-3.5-turbo,exp1,0,0.16208028275687958,0.011000000000000001,67
gpt-3.5-turbo,exp1,0,0.0,0.022000000000000002,68
gpt-3.5-turbo,exp1,0,0.0,0.034,69
gpt-3.5-turbo,exp1,0,0.0,0.055999999999999994,70
gpt-3.5-turbo,exp1,0,0.0,0.011000000000000001,71
gpt-3.5-turbo,exp1,0,0.0,0.034,72
gpt-3.5-turbo,exp1,0,0.0,0.011000000000000001,73
gpt-3.5-turbo,exp1,0,0.0,0.011000000000000001,74
gpt-3.5-turbo,exp1,0,0.0,0.337,75
gpt-3.5-turbo,exp1,0,0.6301439030547842,0.225,76
gpt-3.5-turbo,exp1,0,0.0,0.034,77
gpt-3.5-turbo,exp1,0,0.0,0.11199999999999999,78
gpt-3.5-turbo,exp1,0,0.0,0.034,79
gpt-3.5-turbo,exp1,0,0.0,0.011000000000000001,80
gpt-3.5-turbo,exp1,0,0.0,0.011000000000000001,81
gpt-3.5-turbo,exp1,0,0.0,0.011000000000000001,82
gpt-3.5-turbo,exp1,0,0.0,0.011000000000000001,83
gpt-3.5-turbo,exp1,0,0.6076748295884877,0.022000000000000002,84
gpt-3.5-turbo,exp1,0,0.0,0.022000000000000002,85
gpt-3.5-turbo,exp1,0,0.0,0.045,86
gpt-3.5-turbo,exp1,0,0.0,0.034,87
gpt-3.5-turbo,exp1,0,0.0,0.022000000000000002,88
gpt-3.5-turbo,exp1,0,0.0,0.011000000000000001,89
gpt-3.5-turbo,exp1,0,0.0,0.034,90
gpt-3.5-turbo,exp1,0,0.0,0.022000000000000002,91
gpt-3.5-turbo,exp1,0,0.0,0.146,92
gpt-3.5-turbo,exp1,0,0.0,0.303,93
gpt-3.5-turbo,exp1,0,0.0,0.011000000000000001,94
gpt-3.5-turbo,exp1,0,0.0603448275862069,0.079,95
gpt-3.5-turbo,exp1,0,0.0,0.034,96
gpt-3.5-turbo,exp1,0,0.0,0.067,97
gpt-3.5-turbo,exp1,0,1.1974248927038627,0.011000000000000001,98
gpt-3.5-turbo,exp1,0,0.8621560212067659,0.022000000000000002,99
gpt-3.5-turbo,exp1,0,0.0,0.0,0
gpt-3.5-turbo,exp1,0,0.0,0.2,1
gpt-3.5-turbo,exp1,0,0.4660831509846827,0.04,2
gpt-3.5-turbo,exp1,0,0.0,0.025,3
gpt-3.5-turbo,exp1,0,0.0,0.45,4
gpt-3.5-turbo,exp1,0,0.1713747645951036,0.025,5
gpt-3.5-turbo,exp1,0,0.0,0.023,6
gpt-3.5-turbo,exp1,0,0.0,0.455,7
gpt-3.5-turbo,exp1,0,0.07919075144508671,0.023,8
gpt-3.5-turbo,exp1,0,0.0,0.068,9
gpt-3.5-turbo,exp1,0,0.5053358443188951,0.045,10
gpt-3.5-turbo,exp1,0,0.0,0.023,11
gpt-3.5-turbo,exp1,0,0.0,0.455,12
gpt-3.5-turbo,exp1,0,0.0,0.023,13
gpt-3.5-turbo,exp1,0,0.0,0.341,14
gpt-3.5-turbo,exp1,0,0.009416195856873822,0.023,15
gpt-3.5-turbo,exp1,0,0.0,0.023,16
gpt-3.5-turbo,exp1,0,0.0,0.455,17
gpt-3.5-turbo,exp1,0,0.12954545454545455,0.023,18
gpt-3.5-turbo,exp1,0,0.0,0.023,19
gpt-3.5-turbo,exp1,0,0.0,0.455,20
gpt-3.5-turbo,exp1,0,0.18539915966386555,0.023,21
gpt-3.5-turbo,exp1,0,0.0,0.019,22
gpt-3.5-turbo,exp1,0,0.09891150023663038,0.019,23
gpt-3.5-turbo,exp1,0,0.11933395004625347,0.019,24
gpt-3.5-turbo,exp1,0,0.0,0.019,25
gpt-3.5-turbo,exp1,0,0.0,0.019,26
gpt-3.5-turbo,exp1,0,0.0,0.462,27
gpt-3.5-turbo,exp1,0,0.0,0.135,28
gpt-3.5-turbo,exp1,0,0.11647331786542924,0.057999999999999996,29
gpt-3.5-turbo,exp1,0,0.0,0.019,30
gpt-3.5-turbo,exp1,0,0.0,0.019,31
gpt-3.5-turbo,exp1,0,0.0,0.462,32
gpt-3.5-turbo,exp1,0,0.063913470993117,0.135,33
gpt-3.5-turbo,exp1,0,0.0,0.019,34
gpt-3.5-turbo,exp1,0,0.0,0.019,35
gpt-3.5-turbo,exp1,0,0.0,0.019,36
gpt-3.5-turbo,exp1,0,0.0,0.038,37
gpt-3.5-turbo,exp1,0,0.0,0.019,38
gpt-3.5-turbo,exp1,0,0.0,0.019,39
gpt-3.5-turbo,exp1,0,0.0,0.019,40
gpt-3.5-turbo,exp1,0,0.0684931506849315,0.26899999999999996,41
gpt-3.5-turbo,exp1,0,1.076155462184874,0.442,42
gpt-3.5-turbo,exp1,0,0.0,0.019,43
gpt-3.5-turbo,exp1,0,0.0,0.019,44
gpt-3.5-turbo,exp1,0,0.14625392552714223,0.462,45
gpt-3.5-turbo,exp1,0,0.087248322147651,0.019,46
gpt-3.5-turbo,exp1,0,0.0,0.019,47
gpt-3.5-turbo,exp1,0,0.0,0.019,48
gpt-3.5-turbo,exp1,0,0.0,0.462,49
gpt-3.5-turbo,exp1,0,0.13942960615663197,0.135,50
gpt-3.5-turbo,exp1,0,0.0,0.26899999999999996,51
gpt-3.5-turbo,exp1,0,0.0,0.038,52
gpt-3.5-turbo,exp1,0,0.023279875840662184,0.17300000000000001,53
gpt-3.5-turbo,exp1,0,0.0,0.019,54
gpt-3.5-turbo,exp1,0,0.6313025210084033,0.019,55
gpt-3.5-turbo,exp1,0,0.0,0.019,56
gpt-3.5-turbo,exp1,0,0.0,0.019,57
gpt-3.5-turbo,exp1,0,0.0,0.462,58
gpt-3.5-turbo,exp1,0,0.0,0.135,59
gpt-3.5-turbo,exp1,0,0.0,0.057999999999999996,60
gpt-3.5-turbo,exp1,0,0.19219346627068307,0.25,61
gpt-3.5-turbo,exp1,0,0.0,0.019,62
gpt-3.5-turbo,exp1,0,0.0,0.019,63
gpt-3.5-turbo,exp1,0,0.0,0.462,64
gpt-3.5-turbo,exp1,0,0.0,0.135,65
gpt-3.5-turbo,exp1,0,0.0,0.057999999999999996,66
gpt-3.5-turbo,exp1,0,0.6307773109243697,0.25,67
gpt-3.5-turbo,exp1,0,0.5462184873949579,0.019,68
gpt-3.5-turbo,exp1,0,0.0,0.038,69
gpt-3.5-turbo,exp1,0,0.0,0.077,70
gpt-3.5-turbo,exp1,0,0.16892186817983412,0.038,71
gpt-3.5-turbo,exp1,0,0.0,0.019,72
gpt-3.5-turbo,exp1,0,0.0,0.019,73
gpt-3.5-turbo,exp1,0,0.0,0.462,74
gpt-3.5-turbo,exp1,0,0.0,0.135,75
gpt-3.5-turbo,exp1,0,0.17704757233938204,0.057999999999999996,76
gpt-3.5-turbo,exp1,0,0.0,0.019,77
gpt-3.5-turbo,exp1,0,0.0,0.019,78
gpt-3.5-turbo,exp1,0,0.28184991273996507,0.462,79
gpt-3.5-turbo,exp1,0,0.0,0.019,80
gpt-3.5-turbo,exp1,0,0.0,0.019,81
gpt-3.5-turbo,exp1,0,0.0,0.462,82
gpt-3.5-turbo,exp1,0,0.0,0.135,83
gpt-3.5-turbo,exp1,0,0.0,0.057999999999999996,84
gpt-3.5-turbo,exp1,0,0.0,0.25,85
gpt-3.5-turbo,exp1,0,0.08067632850241546,0.115,86
gpt-3.5-turbo,exp1,0,0.0,0.019,87
gpt-3.5-turbo,exp1,0,0.09380952380952381,0.019,88
gpt-3.5-turbo,exp1,0,0.0,0.019,89
gpt-3.5-turbo,exp1,0,0.0,0.019,90
gpt-3.5-turbo,exp1,0,0.0,0.462,91
gpt-3.5-turbo,exp1,0,0.13729043951064793,0.135,92
gpt-3.5-turbo,exp1,0,0.0,0.019,93
gpt-3.5-turbo,exp1,0,0.13428047662694775,0.019,94
gpt-3.5-turbo,exp1,0,0.16703200350723366,0.019,95
gpt-3.5-turbo,exp1,0,0.0,0.26899999999999996,96
gpt-3.5-turbo,exp1,0,0.0,0.038,97
gpt-3.5-turbo,exp1,0,0.0041841004184100415,0.17300000000000001,98
gpt-3.5-turbo,exp1,0,0.11483031148303115,0.019,99
gpt-3.5-turbo,exp1,0,0.0,0.0,0
gpt-3.5-turbo,exp1,0,0.0,0.034,1
gpt-3.5-turbo,exp1,0,0.15471167369901548,0.207,2
gpt-3.5-turbo,exp1,0,0.18246110325318246,0.034,3
gpt-3.5-turbo,exp1,0,0.11906556141672947,0.034,4
gpt-3.5-turbo,exp1,0,0.0,0.034,5
gpt-3.5-turbo,exp1,0,0.10962962962962963,0.034,6
gpt-3.5-turbo,exp1,0,0.28562460765850595,0.034,7
gpt-3.5-turbo,exp1,0,0.0,0.034,8
gpt-3.5-turbo,exp1,0,0.16174298375184637,0.034,9
gpt-3.5-turbo,exp1,0,0.11941448382126348,0.172,10
gpt-3.5-turbo,exp1,0,0.16619115549215407,0.172,11
gpt-3.5-turbo,exp1,0,0.0,0.379,12
gpt-3.5-turbo,exp1,0,0.0,0.10300000000000001,13
gpt-3.5-turbo,exp1,0,0.30933713471133284,0.483,14
gpt-3.5-turbo,exp1,0,0.2842767295597484,0.034,15
gpt-3.5-turbo,exp1,0,0.0,0.034,16
gpt-3.5-turbo,exp1,0,0.23204837490551777,0.069,17
gpt-3.5-turbo,exp1,0,0.09283018867924528,0.069,18
gpt-3.5-turbo,exp1,0,0.11840120663650075,0.034,19
gpt-3.5-turbo,exp1,0,0.2724358974358974,0.034,20
gpt-3.5-turbo,exp1,0,0.9334442595673876,0.034,21
gpt-3.5-turbo,exp1,0,0.08519108280254777,0.069,22
gpt-3.5-turbo,exp1,0,0.09691960931630353,0.034,23
gpt-3.5-turbo,exp1,0,0.25855263157894737,0.034,24
gpt-3.5-turbo,exp1,0,0.0,0.034,25
gpt-3.5-turbo,exp1,0,0.0,0.207,26
gpt-3.5-turbo,exp1,0,0.1437956204379562,0.034,27
gpt-3.5-turbo,exp1,0,0.08373205741626795,0.034,28
gpt-3.5-turbo,exp1,0,0.0528391167192429,0.034,29
gpt-3.5-turbo,exp1,0,0.18893387314439947,0.034,30
gpt-3.5-turbo,exp1,0,0.0,0.034,31
gpt-3.5-turbo,exp1,0,0.27711598746081506,0.207,32
gpt-3.5-turbo,exp1,0,0.10815047021943573,0.10300000000000001,33
gpt-3.5-turbo,exp1,0,0.0,0.034,34
gpt-3.5-turbo,exp1,0,0.20691994572591588,0.069,35
gpt-3.5-turbo,exp1,0,0.0,0.034,36
gpt-3.5-turbo,exp1,0,0.1504360465116279,0.069,37
gpt-3.5-turbo,exp1,0,0.0,0.034,38
gpt-3.5-turbo,exp1,0,0.0,0.034,39
gpt-3.5-turbo,exp1,0,0.3472012102874433,0.138,40
gpt-3.5-turbo,exp1,0,0.2651370299553856,0.034,41
gpt-3.5-turbo,exp1,0,0.2585987261146497,0.034,42
gpt-3.5-turbo,exp1,0,0.2857142857142857,0.034,43
gpt-3.5-turbo,exp1,0,0.27330779054916987,0.034,44
gpt-3.5-turbo,exp1,0,0.0,0.034,45
gpt-3.5-turbo,exp1,0,0.29140722291407223,0.069,46
gpt-3.5-turbo,exp1,0,0.2988422575976845,0.034,47
gpt-3.5-turbo,exp1,0,0.29140722291407223,0.172,48
gpt-3.5-turbo,exp1,0,0.11906556141672947,0.034,49
gpt-3.5-turbo,exp1,0,0.0,0.034,50
gpt-3.5-turbo,exp1,0,0.2919442761962447,0.034,51
gpt-3.5-turbo,exp1,0,0.2729019859064702,0.034,52
gpt-3.5-turbo,exp1,0,0.0,0.034,53
gpt-3.5-turbo,exp1,0,0.13853141559424678,0.034,54
gpt-3.5-turbo,exp1,0,0.28282208588957053,0.034,55
gpt-3.5-turbo,exp1,0,0.14421669106881405,0.034,56
gpt-3.5-turbo,exp1,0,0.0,0.034,57
gpt-3.5-turbo,exp1,0,0.0,0.069,58
gpt-3.5-turbo,exp1,0,0.16440422322775264,0.034,59
gpt-3.5-turbo,exp1,0,0.0,0.034,60
gpt-3.5-turbo,exp1,0,0.2594733461785485,0.069,61
gpt-3.5-turbo,exp1,0,0.0,0.034,62
gpt-3.5-turbo,exp1,0,0.28806333739342266,0.069,63
gpt-3.5-turbo,exp1,0,0.28979343863912516,0.034,64
gpt-3.5-turbo,exp1,0,0.0,0.034,65
gpt-3.5-turbo,exp1,0,0.5176701570680629,0.172,66
gpt-3.5-turbo,exp1,0,0.11812179016874541,0.069,67
gpt-3.5-turbo,exp1,0,0.0,0.034,68
gpt-3.5-turbo,exp1,0,0.1590909090909091,0.207,69
gpt-3.5-turbo,exp1,0,0.0,0.034,70
gpt-3.5-turbo,exp1,0,0.0,0.10300000000000001,71
gpt-3.5-turbo,exp1,0,0.1450037565740045,0.172,72
gpt-3.5-turbo,exp1,0,0.0,0.034,73
gpt-3.5-turbo,exp1,0,0.16988950276243095,0.069,74
gpt-3.5-turbo,exp1,0,0.0,0.069,75
gpt-3.5-turbo,exp1,0,0.22341954022988506,0.138,76
gpt-3.5-turbo,exp1,0,0.05134281200631911,0.10300000000000001,77
gpt-3.5-turbo,exp1,0,0.0,0.034,78
gpt-3.5-turbo,exp1,0,0.16797153024911032,0.207,79
gpt-3.5-turbo,exp1,0,0.17138707334785766,0.034,80
gpt-3.5-turbo,exp1,0,0.16931582584657912,0.069,81
gpt-3.5-turbo,exp1,0,0.062402496099843996,0.034,82
gpt-3.5-turbo,exp1,0,0.0,0.034,83
gpt-3.5-turbo,exp1,0,0.23798798798798798,0.207,84
gpt-3.5-turbo,exp1,0,0.1547360809833695,0.069,85
gpt-3.5-turbo,exp1,0,0.0,0.034,86
gpt-3.5-turbo,exp1,0,1.0465890183028286,0.034,87
gpt-3.5-turbo,exp1,0,0.0,0.069,88
gpt-3.5-turbo,exp1,0,0.26832377310388783,0.034,89
gpt-3.5-turbo,exp1,0,0.20435967302452315,0.034,90
gpt-3.5-turbo,exp1,0,0.0,0.034,91
gpt-3.5-turbo,exp1,0,0.18819444444444444,0.034,92
gpt-3.5-turbo,exp1,0,0.0,0.24100000000000002,93
gpt-3.5-turbo,exp1,0,0.0893854748603352,0.345,94
gpt-3.5-turbo,exp1,0,0.27004490057729313,0.034,95
gpt-3.5-turbo,exp1,0,0.22266560255387072,0.034,96
gpt-3.5-turbo,exp1,0,1.232945091514143,0.034,97
gpt-3.5-turbo,exp1,0,0.16326530612244897,0.207,98
gpt-3.5-turbo,exp1,0,0.14895209580838323,0.034,99
gpt-3.5-turbo,exp1,0,0.0,0.0,0
gpt-3.5-turbo,exp1,0,0.0,0.05,1
gpt-3.5-turbo,exp1,0,0.0,0.05,2
gpt-3.5-turbo,exp1,0,1.0,0.05,3
gpt-3.5-turbo,exp1,0,1.2190423775454045,0.034,4
gpt-3.5-turbo,exp1,0,0.16094619666048238,0.031,5
gpt-3.5-turbo,exp1,0,0.0,0.25,6
gpt-3.5-turbo,exp1,0,0.06732263076126359,0.031,7
gpt-3.5-turbo,exp1,0,0.07376623376623377,0.031,8
gpt-3.5-turbo,exp1,0,0.8277247614264189,0.21899999999999997,9
gpt-3.5-turbo,exp1,0,0.0,0.062,10
gpt-3.5-turbo,exp1,0,0.05159574468085106,0.031,11
gpt-3.5-turbo,exp1,0,0.055201698513800426,0.43799999999999994,12
gpt-3.5-turbo,exp1,0,0.0,0.031,13
gpt-3.5-turbo,exp1,0,0.05023796932839767,0.062,14
gpt-3.5-turbo,exp1,0,0.0,0.43799999999999994,15
gpt-3.5-turbo,exp1,0,0.035963499731615674,0.031,16
gpt-3.5-turbo,exp1,0,0.12856452392460124,0.031,17
gpt-3.5-turbo,exp1,0,0.10798816568047337,0.281,18
gpt-3.5-turbo,exp1,0,0.16666666666666666,0.031,19
gpt-3.5-turbo,exp1,0,0.13845424371740161,0.312,20
gpt-3.5-turbo,exp1,0,0.24709302325581395,0.031,21
gpt-3.5-turbo,exp1,0,1.3573684210526316,0.062,22
gpt-3.5-turbo,exp1,0,0.10567901234567902,0.031,23
gpt-3.5-turbo,exp1,0,0.20135856380397865,0.114,24
gpt-3.5-turbo,exp1,0,0.31515444015444016,0.057,25
gpt-3.5-turbo,exp1,0,0.0,0.114,26
gpt-3.5-turbo,exp1,0,0.08196721311475409,0.028999999999999998,27
gpt-3.5-turbo,exp1,0,0.0,0.086,28
gpt-3.5-turbo,exp1,0,0.15160493827160493,0.057,29
gpt-3.5-turbo,exp1,0,0.0,0.2,30
gpt-3.5-turbo,exp1,0,0.03211888782358581,0.028999999999999998,31
gpt-3.5-turbo,exp1,0,0.0,0.114,32
gpt-3.5-turbo,exp1,0,0.027924891670678863,0.086,33
gpt-3.5-turbo,exp1,0,0.2091299258681233,0.086,34
gpt-3.5-turbo,exp1,0,0.02857142857142857,0.028999999999999998,35
gpt-3.5-turbo,exp1,0,0.07210031347962383,0.028999999999999998,36
gpt-3.5-turbo,exp1,0,0.541819205857505,0.057,37
gpt-3.5-turbo,exp1,0,0.07062528115159694,0.057,38
gpt-3.5-turbo,exp1,0,0.0,0.055999999999999994,39
gpt-3.5-turbo,exp1,0,0.06736842105263158,0.055999999999999994,40
gpt-3.5-turbo,exp1,0,0.066815144766147,0.027999999999999997,41
gpt-3.5-turbo,exp1,0,0.0,0.028999999999999998,42
gpt-3.5-turbo,exp1,0,0.05314213412062421,0.20600000000000002,43
gpt-3.5-turbo,exp1,0,0.08887987012987013,0.059000000000000004,44
gpt-3.5-turbo,exp1,0,0.0,0.028999999999999998,45
gpt-3.5-turbo,exp1,0,0.2073127440539581,0.028999999999999998,46
gpt-3.5-turbo,exp1,0,0.0,0.028999999999999998,47
gpt-3.5-turbo,exp1,0,0.039777587681779296,0.353,48
gpt-3.5-turbo,exp1,0,0.0,0.059000000000000004,49
gpt-3.5-turbo,exp1,0,0.5060133630289533,0.028999999999999998,50
gpt-3.5-turbo,exp1,0,0.0657511444028298,0.028999999999999998,51
gpt-3.5-turbo,exp1,0,0.013186813186813187,0.028999999999999998,52
gpt-3.5-turbo,exp1,0,0.010690423162583519,0.47100000000000003,53
gpt-3.5-turbo,exp1,0,0.031910306166451054,0.028999999999999998,54
gpt-3.5-turbo,exp1,0,0.07311028500619579,0.028999999999999998,55
gpt-3.5-turbo,exp1,0,0.47508067407673,0.057,56
gpt-3.5-turbo,exp1,0,0.0,0.025,57
gpt-3.5-turbo,exp1,0,0.08475141808475142,0.025,58
gpt-3.5-turbo,exp1,0,0.0,0.024,59
gpt-3.5-turbo,exp1,0,0.21888555221888556,0.024,60
gpt-3.5-turbo,exp1,0,0.0,0.024,61
gpt-3.5-turbo,exp1,0,0.8184851518184851,0.024,62
gpt-3.5-turbo,exp1,0,0.0,0.049,63
gpt-3.5-turbo,exp1,0,0.0,0.195,64
gpt-3.5-turbo,exp1,0,0.0,0.049,65
gpt-3.5-turbo,exp1,0,0.0,0.024,66
gpt-3.5-turbo,exp1,0,0.324657991324658,0.073,67
gpt-3.5-turbo,exp1,0,0.0,0.024,68
gpt-3.5-turbo,exp1,0,0.0,0.22,69
gpt-3.5-turbo,exp1,0,0.0,0.024,70
gpt-3.5-turbo,exp1,0,0.23674911660777384,0.268,71
gpt-3.5-turbo,exp1,0,0.0,0.024,72
gpt-3.5-turbo,exp1,0,0.0,0.024,73
gpt-3.5-turbo,exp1,0,1.0789566443426155,0.024,74
gpt-3.5-turbo,exp1,0,0.0,0.024,75
gpt-3.5-turbo,exp1,0,0.0,0.439,76
gpt-3.5-turbo,exp1,0,0.3157894736842105,0.024,77
gpt-3.5-turbo,exp1,0,1.2601973684210526,0.073,78
gpt-3.5-turbo,exp1,0,0.0,0.024,79
gpt-3.5-turbo,exp1,0,0.1737918215613383,0.024,80
gpt-3.5-turbo,exp1,0,0.0,0.073,81
gpt-3.5-turbo,exp1,0,0.0,0.024,82
gpt-3.5-turbo,exp1,0,0.0,0.098,83
gpt-3.5-turbo,exp1,0,0.06291390728476821,0.366,84
gpt-3.5-turbo,exp1,0,0.09771573604060914,0.049,85
gpt-3.5-turbo,exp1,0,0.0,0.044000000000000004,86
gpt-3.5-turbo,exp1,0,0.0,0.022000000000000002,87
gpt-3.5-turbo,exp1,0,0.0,0.044000000000000004,88
gpt-3.5-turbo,exp1,0,0.8024306637581802,0.133,89
gpt-3.5-turbo,exp1,0,0.8420068557182923,0.044000000000000004,90
gpt-3.5-turbo,exp1,0,1.0180741664069803,0.022000000000000002,91
gpt-3.5-turbo,exp1,0,0.0,0.022000000000000002,92
gpt-3.5-turbo,exp1,0,0.0,0.022000000000000002,93
gpt-3.5-turbo,exp1,0,0.0,0.044000000000000004,94
gpt-3.5-turbo,exp1,0,0.22935493923340605,0.022000000000000002,95
gpt-3.5-turbo,exp1,0,0.08990357345433919,0.067,96
gpt-3.5-turbo,exp1,0,0.0,0.022000000000000002,97
gpt-3.5-turbo,exp1,0,0.0,0.111,98
gpt-3.5-turbo,exp1,0,0.13157894736842105,0.111,99
gpt-3.5-turbo,exp1,0,0.0,0.0,0
gpt-3.5-turbo,exp1,0,0.20824742268041238,0.049,1
gpt-3.5-turbo,exp1,0,0.0,0.024,2
gpt-3.5-turbo,exp1,0,0.0,0.024,3
gpt-3.5-turbo,exp1,0,0.0,0.049,4
gpt-3.5-turbo,exp1,0,0.15960591133004925,0.146,5
gpt-3.5-turbo,exp1,0,0.0,0.044000000000000004,6
gpt-3.5-turbo,exp1,0,0.0,0.022000000000000002,7
gpt-3.5-turbo,exp1,0,0.0,0.022000000000000002,8
gpt-3.5-turbo,exp1,0,0.0,0.044000000000000004,9
gpt-3.5-turbo,exp1,0,0.0,0.133,10
gpt-3.5-turbo,exp1,0,0.0,0.067,11
gpt-3.5-turbo,exp1,0,0.12270742358078603,0.489,12
gpt-3.5-turbo,exp1,0,0.0,0.040999999999999995,13
gpt-3.5-turbo,exp1,0,0.0,0.02,14
gpt-3.5-turbo,exp1,0,0.0,0.102,15
gpt-3.5-turbo,exp1,0,0.07884151246983105,0.02,16
gpt-3.5-turbo,exp1,0,0.0,0.02,17
gpt-3.5-turbo,exp1,0,0.0,0.02,18
gpt-3.5-turbo,exp1,0,0.0,0.059000000000000004,19
gpt-3.5-turbo,exp1,0,0.0,0.059000000000000004,20
gpt-3.5-turbo,exp1,0,0.1927512355848435,0.02,21
gpt-3.5-turbo,exp1,0,0.0,0.02,22
gpt-3.5-turbo,exp1,0,0.0,0.02,23
gpt-3.5-turbo,exp1,0,0.0,0.059000000000000004,24
gpt-3.5-turbo,exp1,0,0.0,0.059000000000000004,25
gpt-3.5-turbo,exp1,0,0.0,0.02,26
gpt-3.5-turbo,exp1,0,0.0,0.02,27
gpt-3.5-turbo,exp1,0,0.0,0.02,28
gpt-3.5-turbo,exp1,0,0.0,0.02,29
gpt-3.5-turbo,exp1,0,0.0,0.059000000000000004,30
gpt-3.5-turbo,exp1,0,0.0,0.02,31
gpt-3.5-turbo,exp1,0,0.0,0.02,32
gpt-3.5-turbo,exp1,0,0.0,0.059000000000000004,33
gpt-3.5-turbo,exp1,0,0.3913917940466613,0.059000000000000004,34
gpt-3.5-turbo,exp1,0,0.0,0.02,35
gpt-3.5-turbo,exp1,0,0.0,0.02,36
gpt-3.5-turbo,exp1,0,0.0,0.059000000000000004,37
gpt-3.5-turbo,exp1,0,0.0,0.059000000000000004,38
gpt-3.5-turbo,exp1,0,0.0,0.02,39
gpt-3.5-turbo,exp1,0,0.0,0.02,40
gpt-3.5-turbo,exp1,0,0.0,0.02,41
gpt-3.5-turbo,exp1,0,0.0,0.02,42
gpt-3.5-turbo,exp1,0,0.0,0.059000000000000004,43
gpt-3.5-turbo,exp1,0,0.0,0.02,44
gpt-3.5-turbo,exp1,0,0.0,0.02,45
gpt-3.5-turbo,exp1,0,0.08535688005886681,0.059000000000000004,46
gpt-3.5-turbo,exp1,0,0.0,0.036000000000000004,47
gpt-3.5-turbo,exp1,0,0.0,0.036000000000000004,48
gpt-3.5-turbo,exp1,0,0.0,0.018000000000000002,49
gpt-3.5-turbo,exp1,0,0.0,0.018000000000000002,50
gpt-3.5-turbo,exp1,0,0.0,0.018000000000000002,51
gpt-3.5-turbo,exp1,0,0.10297029702970296,0.036000000000000004,52
gpt-3.5-turbo,exp1,0,0.21962313190383365,0.19699999999999998,53
gpt-3.5-turbo,exp1,0,0.0,0.033,54
gpt-3.5-turbo,exp1,0,0.0,0.033,55
gpt-3.5-turbo,exp1,0,0.0,0.016,56
gpt-3.5-turbo,exp1,0,0.0,0.016,57
gpt-3.5-turbo,exp1,0,0.0,0.016,58
gpt-3.5-turbo,exp1,0,0.0,0.033,59
gpt-3.5-turbo,exp1,0,0.0,0.016,60
gpt-3.5-turbo,exp1,0,0.0,0.033,61
gpt-3.5-turbo,exp1,0,0.0,0.066,62
gpt-3.5-turbo,exp1,0,0.0,0.016,63
gpt-3.5-turbo,exp1,0,0.9643564356435643,0.016,64
gpt-3.5-turbo,exp1,0,0.0,0.033,65
gpt-3.5-turbo,exp1,0,0.38943894389438943,0.066,66
gpt-3.5-turbo,exp1,0,0.0,0.19699999999999998,67
gpt-3.5-turbo,exp1,0,0.0,0.426,68
gpt-3.5-turbo,exp1,0,0.0,0.131,69
gpt-3.5-turbo,exp1,0,0.6056204610041048,0.016,70
gpt-3.5-turbo,exp1,0,0.0,0.016,71
gpt-3.5-turbo,exp1,0,0.1014446227929374,0.45899999999999996,72
gpt-3.5-turbo,exp1,0,0.0,0.19699999999999998,73
gpt-3.5-turbo,exp1,0,0.0,0.426,74
gpt-3.5-turbo,exp1,0,0.0,0.131,75
gpt-3.5-turbo,exp1,0,0.0,0.016,76
gpt-3.5-turbo,exp1,0,0.0,0.033,77
gpt-3.5-turbo,exp1,0,0.005610561056105611,0.016,78
gpt-3.5-turbo,exp1,0,0.0,0.19699999999999998,79
gpt-3.5-turbo,exp1,0,0.0,0.426,80
gpt-3.5-turbo,exp1,0,0.17715959004392387,0.131,81
gpt-3.5-turbo,exp1,0,0.0740238611713666,0.09,82
gpt-3.5-turbo,exp1,0,0.0,0.028999999999999998,83
gpt-3.5-turbo,exp1,0,0.0,0.013999999999999999,84
gpt-3.5-turbo,exp1,0,0.0,0.013999999999999999,85
gpt-3.5-turbo,exp1,0,0.056670281995661605,0.043,86
gpt-3.5-turbo,exp1,0,0.0,0.013999999999999999,87
gpt-3.5-turbo,exp1,0,0.0,0.028999999999999998,88
gpt-3.5-turbo,exp1,0,0.0,0.013999999999999999,89
gpt-3.5-turbo,exp1,0,0.0,0.013999999999999999,90
gpt-3.5-turbo,exp1,0,0.0,0.028999999999999998,91
gpt-3.5-turbo,exp1,0,0.07672955974842767,0.028999999999999998,92
gpt-3.5-turbo,exp1,0,0.5455197132616487,0.028999999999999998,93
gpt-3.5-turbo,exp1,0,0.0,0.027000000000000003,94
gpt-3.5-turbo,exp1,0,0.0,0.013999999999999999,95
gpt-3.5-turbo,exp1,0,0.0,0.013999999999999999,96
gpt-3.5-turbo,exp1,0,0.0,0.040999999999999995,97
gpt-3.5-turbo,exp1,0,0.0,0.013999999999999999,98
gpt-3.5-turbo,exp1,0,0.0,0.27,99
gpt-3.5-turbo,exp2,0,0.0,0.0,0
gpt-3.5-turbo,exp2,0,0.28705882352941176,0.105,1
gpt-3.5-turbo,exp2,0,0.0,0.053,2
gpt-3.5-turbo,exp2,0,0.11652542372881355,0.105,3
gpt-3.5-turbo,exp2,0,0.0,0.05,4
gpt-3.5-turbo,exp2,0,0.23932312651087834,0.1,5
gpt-3.5-turbo,exp2,0,0.10499490316004077,0.05,6
gpt-3.5-turbo,exp2,0,0.0,0.1,7
gpt-3.5-turbo,exp2,0,0.0,0.05,8
gpt-3.5-turbo,exp2,0,0.4228611500701262,0.45,9
gpt-3.5-turbo,exp2,0,0.1633362293657689,0.05,10
gpt-3.5-turbo,exp2,0,0.0,0.05,11
gpt-3.5-turbo,exp2,0,0.0,0.25,12
gpt-3.5-turbo,exp2,0,0.4512085944494181,0.05,13
gpt-3.5-turbo,exp2,0,0.8256513026052105,0.05,14
gpt-3.5-turbo,exp2,0,0.5801158301158301,0.05,15
gpt-3.5-turbo,exp2,0,0.2147083685545224,0.1,16
gpt-3.5-turbo,exp2,0,0.7800559179869525,0.1,17
gpt-3.5-turbo,exp2,0,0.0,0.05,18
gpt-3.5-turbo,exp2,0,0.0,0.45,19
gpt-3.5-turbo,exp2,0,0.0,0.05,20
gpt-3.5-turbo,exp2,0,0.0,0.05,21
gpt-3.5-turbo,exp2,0,0.0,0.25,22
gpt-3.5-turbo,exp2,0,0.0,0.05,23
gpt-3.5-turbo,exp2,0,0.0,0.05,24
gpt-3.5-turbo,exp2,0,0.1015843429636533,0.05,25
gpt-3.5-turbo,exp2,0,0.6187563710499491,0.1,26
gpt-3.5-turbo,exp2,0,0.3998410174880763,0.1,27
gpt-3.5-turbo,exp2,0,0.0,0.05,28
gpt-3.5-turbo,exp2,0,0.0,0.45,29
gpt-3.5-turbo,exp2,0,0.0,0.05,30
gpt-3.5-turbo,exp2,0,0.0,0.05,31
gpt-3.5-turbo,exp2,0,0.312874251497006,0.25,32
gpt-3.5-turbo,exp2,0,0.109628217349857,0.05,33
gpt-3.5-turbo,exp2,0,0.3188054882970137,0.25,34
gpt-3.5-turbo,exp2,0,0.0,0.05,35
gpt-3.5-turbo,exp2,0,0.0,0.05,36
gpt-3.5-turbo,exp2,0,0.26422764227642276,0.3,37
gpt-3.5-turbo,exp2,0,0.12644701691896706,0.05,38
gpt-3.5-turbo,exp2,0,0.0,0.1,39
gpt-3.5-turbo,exp2,0,0.0,0.05,40
gpt-3.5-turbo,exp2,0,0.9069103369503141,0.45,41
gpt-3.5-turbo,exp2,0,0.5024154589371981,0.05,42
gpt-3.5-turbo,exp2,0,0.0,0.1,43
gpt-3.5-turbo,exp2,0,0.7321711568938193,0.05,44
gpt-3.5-turbo,exp2,0,0.0,0.45,45
gpt-3.5-turbo,exp2,0,0.0,0.05,46
gpt-3.5-turbo,exp2,0,0.0,0.05,47
gpt-3.5-turbo,exp2,0,0.8121069182389937,0.25,48
gpt-3.5-turbo,exp2,0,0.33378653976886474,0.05,49
gpt-3.5-turbo,exp2,0,0.1543103448275862,0.05,50
gpt-3.5-turbo,exp2,0,0.0,0.1,51
gpt-3.5-turbo,exp2,0,0.4624505928853755,0.05,52
gpt-3.5-turbo,exp2,0,0.11900369003690037,0.1,53
gpt-3.5-turbo,exp2,0,0.8233695652173914,0.1,54
gpt-3.5-turbo,exp2,0,0.0,0.05,55
gpt-3.5-turbo,exp2,0,0.24804381846635368,0.15,56
gpt-3.5-turbo,exp2,0,0.0,0.05,57
gpt-3.5-turbo,exp2,0,0.1556420233463035,0.05,58
gpt-3.5-turbo,exp2,0,0.6819571865443425,0.1,59
gpt-3.5-turbo,exp2,0,0.28143213988343047,0.15,60
gpt-3.5-turbo,exp2,0,0.23,0.15,61
gpt-3.5-turbo,exp2,0,0.7690742624618515,0.35,62
gpt-3.5-turbo,exp2,0,0.5050607287449392,0.1,63
gpt-3.5-turbo,exp2,0,0.6853725850965962,0.1,64
gpt-3.5-turbo,exp2,0,0.5960679177837355,0.1,65
gpt-3.5-turbo,exp2,0,0.0,0.05,66
gpt-3.5-turbo,exp2,0,0.46745976207137857,0.25,67
gpt-3.5-turbo,exp2,0,0.6493374108053007,0.1,68
gpt-3.5-turbo,exp2,0,0.3944954128440367,0.05,69
gpt-3.5-turbo,exp2,0,0.0,0.1,70
gpt-3.5-turbo,exp2,0,0.0,0.05,71
gpt-3.5-turbo,exp2,0,0.0,0.15,72
gpt-3.5-turbo,exp2,0,0.44146825396825395,0.4,73
gpt-3.5-turbo,exp2,0,0.0,0.1,74
gpt-3.5-turbo,exp2,0,0.0,0.05,75
gpt-3.5-turbo,exp2,0,0.2634146341463415,0.15,76
gpt-3.5-turbo,exp2,0,0.592814371257485,0.05,77
gpt-3.5-turbo,exp2,0,0.0,0.05,78
gpt-3.5-turbo,exp2,0,0.08744186046511628,0.25,79
gpt-3.5-turbo,exp2,0,0.0,0.1,80
gpt-3.5-turbo,exp2,0,0.5575942915392457,0.05,81
gpt-3.5-turbo,exp2,0,0.17009345794392525,0.1,82
gpt-3.5-turbo,exp2,0,0.0,0.1,83
gpt-3.5-turbo,exp2,0,0.0,0.05,84
gpt-3.5-turbo,exp2,0,0.3812080536912752,0.45,85
gpt-3.5-turbo,exp2,0,0.0,0.05,86
gpt-3.5-turbo,exp2,0,0.13992537313432835,0.05,87
gpt-3.5-turbo,exp2,0,0.0,0.25,88
gpt-3.5-turbo,exp2,0,0.0,0.05,89
gpt-3.5-turbo,exp2,0,0.0,0.05,90
gpt-3.5-turbo,exp2,0,0.2803261977573904,0.3,91
gpt-3.5-turbo,exp2,0,0.19548872180451127,0.3,92
gpt-3.5-turbo,exp2,0,0.4691848906560636,0.1,93
gpt-3.5-turbo,exp2,0,0.3089005235602094,0.1,94
gpt-3.5-turbo,exp2,0,0.12247738343771747,0.042,95
gpt-3.5-turbo,exp2,0,0.1102514506769826,0.038,96
gpt-3.5-turbo,exp2,0,0.0,0.038,97
gpt-3.5-turbo,exp2,0,0.0,0.077,98
gpt-3.5-turbo,exp2,0,0.0,0.038,99
gpt-3.5-turbo,exp2,0,0.0,0.0,0
gpt-3.5-turbo,exp2,0,0.2459814905017048,0.31,1
gpt-3.5-turbo,exp2,0,0.0,0.061,2
gpt-3.5-turbo,exp2,0,0.0,0.061,3
gpt-3.5-turbo,exp2,0,0.0,0.02,4
gpt-3.5-turbo,exp2,0,0.14775613886536834,0.08199999999999999,5
gpt-3.5-turbo,exp2,0,0.0,0.055999999999999994,6
gpt-3.5-turbo,exp2,0,0.24343776460626587,0.055999999999999994,7
gpt-3.5-turbo,exp2,0,0.0,0.055999999999999994,8
gpt-3.5-turbo,exp2,0,0.0,0.055999999999999994,9
gpt-3.5-turbo,exp2,0,0.0,0.019,10
gpt-3.5-turbo,exp2,0,0.0,0.07400000000000001,11
gpt-3.5-turbo,exp2,0,0.0,0.019,12
gpt-3.5-turbo,exp2,0,0.0,0.019,13
gpt-3.5-turbo,exp2,0,0.0,0.037000000000000005,14
gpt-3.5-turbo,exp2,0,0.0,0.222,15
gpt-3.5-turbo,exp2,0,0.0,0.055999999999999994,16
gpt-3.5-turbo,exp2,0,0.0,0.019,17
gpt-3.5-turbo,exp2,0,0.0,0.07400000000000001,18
gpt-3.5-turbo,exp2,0,0.0,0.019,19
gpt-3.5-turbo,exp2,0,0.0,0.019,20
gpt-3.5-turbo,exp2,0,0.0,0.019,21
gpt-3.5-turbo,exp2,0,0.0,0.019,22
gpt-3.5-turbo,exp2,0,1.1858594411515664,0.055999999999999994,23
gpt-3.5-turbo,exp2,0,0.0,0.037000000000000005,24
gpt-3.5-turbo,exp2,0,0.0,0.07400000000000001,25
gpt-3.5-turbo,exp2,0,0.2177547770700637,0.037000000000000005,26
gpt-3.5-turbo,exp2,0,0.2456412243316544,0.14800000000000002,27
gpt-3.5-turbo,exp2,0,0.0,0.05,28
gpt-3.5-turbo,exp2,0,0.06237892289810151,0.05,29
gpt-3.5-turbo,exp2,0,0.0,0.05,30
gpt-3.5-turbo,exp2,0,0.0,0.05,31
gpt-3.5-turbo,exp2,0,0.0,0.017,32
gpt-3.5-turbo,exp2,0,0.10463320463320464,0.067,33
gpt-3.5-turbo,exp2,0,0.1386986301369863,0.05,34
gpt-3.5-turbo,exp2,0,0.41044776119402987,0.045,35
gpt-3.5-turbo,exp2,0,0.0,0.258,36
gpt-3.5-turbo,exp2,0,0.06163934426229508,0.045,37
gpt-3.5-turbo,exp2,0,0.08314890926335758,0.182,38
gpt-3.5-turbo,exp2,0,0.07377834557649314,0.045,39
gpt-3.5-turbo,exp2,0,0.0,0.045,40
gpt-3.5-turbo,exp2,0,0.05057851239669422,0.045,41
gpt-3.5-turbo,exp2,0,0.33424657534246577,0.045,42
gpt-3.5-turbo,exp2,0,0.11746804625684723,0.045,43
gpt-3.5-turbo,exp2,0,0.18171428571428572,0.045,44
gpt-3.5-turbo,exp2,0,0.19452054794520549,0.015,45
gpt-3.5-turbo,exp2,0,0.0,0.136,46
gpt-3.5-turbo,exp2,0,0.0,0.015,47
gpt-3.5-turbo,exp2,0,0.15712187958883994,0.03,48
gpt-3.5-turbo,exp2,0,0.0,0.091,49
gpt-3.5-turbo,exp2,0,0.0,0.045,50
gpt-3.5-turbo,exp2,0,0.0,0.03,51
gpt-3.5-turbo,exp2,0,0.0,0.015,52
gpt-3.5-turbo,exp2,0,0.0,0.091,53
gpt-3.5-turbo,exp2,0,0.4195205479452055,0.03,54
gpt-3.5-turbo,exp2,0,0.0,0.045,55
gpt-3.5-turbo,exp2,0,0.0,0.045,56
gpt-3.5-turbo,exp2,0,0.0,0.015,57
gpt-3.5-turbo,exp2,0,0.14952638700947227,0.061,58
gpt-3.5-turbo,exp2,0,0.13125763125763126,0.045,59
gpt-3.5-turbo,exp2,0,0.0,0.045,60
gpt-3.5-turbo,exp2,0,0.0,0.045,61
gpt-3.5-turbo,exp2,0,0.0,0.015,62
gpt-3.5-turbo,exp2,0,0.0,0.061,63
gpt-3.5-turbo,exp2,0,0.2009472259810555,0.015,64
gpt-3.5-turbo,exp2,0,0.0,0.045,65
gpt-3.5-turbo,exp2,0,0.0,0.03,66
gpt-3.5-turbo,exp2,0,0.0,0.015,67
gpt-3.5-turbo,exp2,0,0.0,0.03,68
gpt-3.5-turbo,exp2,0,0.0,0.22699999999999998,69
gpt-3.5-turbo,exp2,0,0.0,0.03,70
gpt-3.5-turbo,exp2,0,0.0,0.015,71
gpt-3.5-turbo,exp2,0,0.11624253848570532,0.045,72
gpt-3.5-turbo,exp2,0,0.051085141903171954,0.106,73
gpt-3.5-turbo,exp2,0,0.0,0.045,74
gpt-3.5-turbo,exp2,0,0.0,0.045,75
gpt-3.5-turbo,exp2,0,0.2337941628264209,0.015,76
gpt-3.5-turbo,exp2,0,0.0,0.136,77
gpt-3.5-turbo,exp2,0,0.0,0.03,78
gpt-3.5-turbo,exp2,0,0.0,0.106,79
gpt-3.5-turbo,exp2,0,0.0,0.03,80
gpt-3.5-turbo,exp2,0,0.06963059823471723,0.045,81
gpt-3.5-turbo,exp2,0,0.0,0.045,82
gpt-3.5-turbo,exp2,0,0.0,0.045,83
gpt-3.5-turbo,exp2,0,0.0,0.015,84
gpt-3.5-turbo,exp2,0,0.0,0.061,85
gpt-3.5-turbo,exp2,0,0.0,0.015,86
gpt-3.5-turbo,exp2,0,0.0675146771037182,0.015,87
gpt-3.5-turbo,exp2,0,0.0,0.045,88
gpt-3.5-turbo,exp2,0,0.0,0.045,89
gpt-3.5-turbo,exp2,0,0.0,0.015,90
gpt-3.5-turbo,exp2,0,0.0,0.061,91
gpt-3.5-turbo,exp2,0,0.0,0.015,92
gpt-3.5-turbo,exp2,0,0.0,0.015,93
gpt-3.5-turbo,exp2,0,0.0,0.03,94
gpt-3.5-turbo,exp2,0,0.0,0.19699999999999998,95
gpt-3.5-turbo,exp2,0,0.0,0.045,96
gpt-3.5-turbo,exp2,0,0.0,0.015,97
gpt-3.5-turbo,exp2,0,0.0,0.061,98
gpt-3.5-turbo,exp2,0,0.0,0.015,99
gpt-3.5-turbo,exp2,0,0.0,0.0,0
gpt-3.5-turbo,exp2,0,0.10709914320685435,0.057,1
gpt-3.5-turbo,exp2,0,0.0,0.028999999999999998,2
gpt-3.5-turbo,exp2,0,0.0,0.457,3
gpt-3.5-turbo,exp2,0,0.0885009030704395,0.028999999999999998,4
gpt-3.5-turbo,exp2,0,0.0,0.057,5
gpt-3.5-turbo,exp2,0,0.0,0.028999999999999998,6
gpt-3.5-turbo,exp2,0,0.4074285714285714,0.457,7
gpt-3.5-turbo,exp2,0,0.0,0.028999999999999998,8
gpt-3.5-turbo,exp2,0,0.0,0.028999999999999998,9
gpt-3.5-turbo,exp2,0,0.08669108669108669,0.028999999999999998,10
gpt-3.5-turbo,exp2,0,0.20075757575757575,0.057,11
gpt-3.5-turbo,exp2,0,0.06658446362515413,0.028999999999999998,12
gpt-3.5-turbo,exp2,0,0.0779537149817296,0.057,13
gpt-3.5-turbo,exp2,0,0.26713124274099886,0.057,14
gpt-3.5-turbo,exp2,0,0.12157330154946365,0.028999999999999998,15
gpt-3.5-turbo,exp2,0,0.0,0.057,16
gpt-3.5-turbo,exp2,0,0.15527950310559005,0.028999999999999998,17
gpt-3.5-turbo,exp2,0,0.0885009030704395,0.457,18
gpt-3.5-turbo,exp2,0,0.0,0.057,19
gpt-3.5-turbo,exp2,0,0.0,0.028999999999999998,20
gpt-3.5-turbo,exp2,0,0.2736892736892737,0.457,21
gpt-3.5-turbo,exp2,0,0.08882175226586103,0.028999999999999998,22
gpt-3.5-turbo,exp2,0,0.0,0.057,23
gpt-3.5-turbo,exp2,0,0.0,0.028999999999999998,24
gpt-3.5-turbo,exp2,0,0.11720116618075802,0.457,25
gpt-3.5-turbo,exp2,0,0.0,0.057,26
gpt-3.5-turbo,exp2,0,0.0,0.028999999999999998,27
gpt-3.5-turbo,exp2,0,0.0,0.457,28
gpt-3.5-turbo,exp2,0,0.0,0.028999999999999998,29
gpt-3.5-turbo,exp2,0,0.1825860948667966,0.028999999999999998,30
gpt-3.5-turbo,exp2,0,0.0,0.057,31
gpt-3.5-turbo,exp2,0,0.0,0.028999999999999998,32
gpt-3.5-turbo,exp2,0,0.11279143037177064,0.457,33
gpt-3.5-turbo,exp2,0,0.0,0.057,34
gpt-3.5-turbo,exp2,0,0.0,0.028999999999999998,35
gpt-3.5-turbo,exp2,0,0.13736903376018628,0.457,36
gpt-3.5-turbo,exp2,0,0.0,0.057,37
gpt-3.5-turbo,exp2,0,0.0,0.028999999999999998,38
gpt-3.5-turbo,exp2,0,0.1391304347826087,0.457,39
gpt-3.5-turbo,exp2,0,0.0,0.057,40
gpt-3.5-turbo,exp2,0,0.0,0.028999999999999998,41
gpt-3.5-turbo,exp2,0,0.0,0.457,42
gpt-3.5-turbo,exp2,0,0.0,0.028999999999999998,43
gpt-3.5-turbo,exp2,0,0.0,0.028999999999999998,44
gpt-3.5-turbo,exp2,0,0.0,0.028999999999999998,45
gpt-3.5-turbo,exp2,0,0.0988095238095238,0.086,46
gpt-3.5-turbo,exp2,0,0.0,0.057,47
gpt-3.5-turbo,exp2,0,0.0,0.028999999999999998,48
gpt-3.5-turbo,exp2,0,0.1820212171970966,0.457,49
gpt-3.5-turbo,exp2,0,0.0,0.028999999999999998,50
gpt-3.5-turbo,exp2,0,0.0,0.028999999999999998,51
gpt-3.5-turbo,exp2,0,0.11358313817330211,0.028999999999999998,52
gpt-3.5-turbo,exp2,0,0.0,0.057,53
gpt-3.5-turbo,exp2,0,0.0,0.028999999999999998,54
gpt-3.5-turbo,exp2,0,0.31125827814569534,0.457,55
gpt-3.5-turbo,exp2,0,0.0,0.028999999999999998,56
gpt-3.5-turbo,exp2,0,0.0,0.028999999999999998,57
gpt-3.5-turbo,exp2,0,0.0,0.028999999999999998,58
gpt-3.5-turbo,exp2,0,0.0,0.086,59
gpt-3.5-turbo,exp2,0,0.0,0.028999999999999998,60
gpt-3.5-turbo,exp2,0,0.0,0.028999999999999998,61
gpt-3.5-turbo,exp2,0,0.2521459227467811,0.028999999999999998,62
gpt-3.5-turbo,exp2,0,0.0,0.028999999999999998,63
gpt-3.5-turbo,exp2,0,0.10582639714625446,0.114,64
gpt-3.5-turbo,exp2,0,0.1272294887039239,0.028999999999999998,65
gpt-3.5-turbo,exp2,0,0.0,0.057,66
gpt-3.5-turbo,exp2,0,0.0,0.028999999999999998,67
gpt-3.5-turbo,exp2,0,0.0,0.457,68
gpt-3.5-turbo,exp2,0,0.0,0.028999999999999998,69
gpt-3.5-turbo,exp2,0,0.12011661807580175,0.028999999999999998,70
gpt-3.5-turbo,exp2,0,0.16767454645409566,0.057,71
gpt-3.5-turbo,exp2,0,0.0,0.057,72
gpt-3.5-turbo,exp2,0,0.0,0.028999999999999998,73
gpt-3.5-turbo,exp2,0,0.41685393258426967,0.457,74
gpt-3.5-turbo,exp2,0,0.0,0.028999999999999998,75
gpt-3.5-turbo,exp2,0,0.0,0.028999999999999998,76
gpt-3.5-turbo,exp2,0,0.0,0.028999999999999998,77
gpt-3.5-turbo,exp2,0,0.0,0.086,78
gpt-3.5-turbo,exp2,0,0.24874371859296482,0.028999999999999998,79
gpt-3.5-turbo,exp2,0,0.0,0.057,80
gpt-3.5-turbo,exp2,0,0.0,0.028999999999999998,81
gpt-3.5-turbo,exp2,0,0.0,0.457,82
gpt-3.5-turbo,exp2,0,0.2381516587677725,0.028999999999999998,83
gpt-3.5-turbo,exp2,0,0.0,0.057,84
gpt-3.5-turbo,exp2,0,0.09581564584596726,0.028999999999999998,85
gpt-3.5-turbo,exp2,0,0.0,0.057,86
gpt-3.5-turbo,exp2,0,0.12386706948640483,0.028999999999999998,87
gpt-3.5-turbo,exp2,0,0.0,0.057,88
gpt-3.5-turbo,exp2,0,0.0,0.028999999999999998,89
gpt-3.5-turbo,exp2,0,0.22876857749469215,0.457,90
gpt-3.5-turbo,exp2,0,0.0,0.057,91
gpt-3.5-turbo,exp2,0,0.0,0.028999999999999998,92
gpt-3.5-turbo,exp2,0,0.0,0.457,93
gpt-3.5-turbo,exp2,0,0.0,0.028999999999999998,94
gpt-3.5-turbo,exp2,0,0.1285965942454492,0.028999999999999998,95
gpt-3.5-turbo,exp2,0,0.17559863169897377,0.057,96
gpt-3.5-turbo,exp2,0,0.051972448340638695,0.028999999999999998,97
gpt-3.5-turbo,exp2,0,0.13879408418657566,0.057,98
gpt-3.5-turbo,exp2,0,0.0769704433497537,0.057,99
gpt-3.5-turbo,exp2,0,0.0,0.0,0
gpt-3.5-turbo,exp2,0,0.0698051948051948,0.2,1
gpt-3.5-turbo,exp2,0,0.08476394849785408,0.2,2
gpt-3.5-turbo,exp2,0,0.0,0.2,3
gpt-3.5-turbo,exp2,0,0.0,0.057,4
gpt-3.5-turbo,exp2,0,0.20920502092050208,0.171,5
gpt-3.5-turbo,exp2,0,0.0,0.2,6
gpt-3.5-turbo,exp2,0,0.17652717652717653,0.057,7
gpt-3.5-turbo,exp2,0,0.09596224436287362,0.028999999999999998,8
gpt-3.5-turbo,exp2,0,1.5464512406231967,0.2,9
gpt-3.5-turbo,exp2,0,0.11520498183705241,0.2,10
gpt-3.5-turbo,exp2,0,0.29392080312325713,0.2,11
gpt-3.5-turbo,exp2,0,0.0,0.028999999999999998,12
gpt-3.5-turbo,exp2,0,1.581073283323716,0.028999999999999998,13
gpt-3.5-turbo,exp2,0,0.0,0.2,14
gpt-3.5-turbo,exp2,0,1.4777841892671668,0.057,15
gpt-3.5-turbo,exp2,0,0.11029023746701846,0.2,16
gpt-3.5-turbo,exp2,0,0.15322171486555047,0.2,17
gpt-3.5-turbo,exp2,0,0.0,0.429,18
gpt-3.5-turbo,exp2,0,0.06652244456462952,0.028999999999999998,19
gpt-3.5-turbo,exp2,0,0.0,0.2,20
gpt-3.5-turbo,exp2,0,0.13552361396303902,0.057,21
gpt-3.5-turbo,exp2,0,1.5049047893825735,0.2,22
gpt-3.5-turbo,exp2,0,0.0,0.2,23
gpt-3.5-turbo,exp2,0,0.08600979858464888,0.057,24
gpt-3.5-turbo,exp2,0,1.6445470282746681,0.2,25
gpt-3.5-turbo,exp2,0,0.10276473656755347,0.2,26
gpt-3.5-turbo,exp2,0,1.515868436237738,0.2,27
gpt-3.5-turbo,exp2,0,1.5170225043277554,0.2,28
gpt-3.5-turbo,exp2,0,0.1784313725490196,0.2,29
gpt-3.5-turbo,exp2,0,0.09898341359015517,0.2,30
gpt-3.5-turbo,exp2,0,1.4916330063473744,0.2,31
gpt-3.5-turbo,exp2,0,0.0,0.028999999999999998,32
gpt-3.5-turbo,exp2,0,0.15,0.028999999999999998,33
gpt-3.5-turbo,exp2,0,0.10114107883817428,0.2,34
gpt-3.5-turbo,exp2,0,0.10826359832635983,0.2,35
gpt-3.5-turbo,exp2,0,0.0,0.2,36
gpt-3.5-turbo,exp2,0,0.08209745762711865,0.057,37
gpt-3.5-turbo,exp2,0,0.21355140186915889,0.2,38
gpt-3.5-turbo,exp2,0,0.22612612612612612,0.2,39
gpt-3.5-turbo,exp2,0,0.22639821029082774,0.057,40
gpt-3.5-turbo,exp2,0,0.11868958109559613,0.2,41
gpt-3.5-turbo,exp2,0,0.0,0.2,42
gpt-3.5-turbo,exp2,0,0.06422018348623854,0.057,43
gpt-3.5-turbo,exp2,0,0.0,0.2,44
gpt-3.5-turbo,exp2,0,0.12177121771217712,0.057,45
gpt-3.5-turbo,exp2,0,0.11307972902553413,0.2,46
gpt-3.5-turbo,exp2,0,0.091005291005291,0.2,47
gpt-3.5-turbo,exp2,0,0.8887785501489573,0.2,48
gpt-3.5-turbo,exp2,0,0.0,0.2,49
gpt-3.5-turbo,exp2,0,0.0,0.057,50
gpt-3.5-turbo,exp2,0,0.09973890339425587,0.171,51
gpt-3.5-turbo,exp2,0,1.4887478361223312,0.2,52
gpt-3.5-turbo,exp2,0,1.469128678592037,0.2,53
gpt-3.5-turbo,exp2,0,0.0,0.2,54
gpt-3.5-turbo,exp2,0,0.0,0.057,55
gpt-3.5-turbo,exp2,0,0.08623460096411355,0.171,56
gpt-3.5-turbo,exp2,0,0.11658962506420134,0.2,57
gpt-3.5-turbo,exp2,0,1.485862665897288,0.2,58
gpt-3.5-turbo,exp2,0,0.08470964304741609,0.2,59
gpt-3.5-turbo,exp2,0,0.0,0.18899999999999997,60
gpt-3.5-turbo,exp2,0,0.07429420505200594,0.054000000000000006,61
gpt-3.5-turbo,exp2,0,0.0,0.18899999999999997,62
gpt-3.5-turbo,exp2,0,0.0,0.054000000000000006,63
gpt-3.5-turbo,exp2,0,0.0,0.162,64
gpt-3.5-turbo,exp2,0,0.0,0.027000000000000003,65
gpt-3.5-turbo,exp2,0,1.5801811401172083,0.10800000000000001,66
gpt-3.5-turbo,exp2,0,0.0,0.18899999999999997,67
gpt-3.5-turbo,exp2,0,0.0,0.054000000000000006,68
gpt-3.5-turbo,exp2,0,0.0,0.162,69
gpt-3.5-turbo,exp2,0,0.0,0.027000000000000003,70
gpt-3.5-turbo,exp2,0,0.0,0.10800000000000001,71
gpt-3.5-turbo,exp2,0,0.0,0.27,72
gpt-3.5-turbo,exp2,0,0.0,0.027000000000000003,73
gpt-3.5-turbo,exp2,0,0.0,0.18899999999999997,74
gpt-3.5-turbo,exp2,0,0.0,0.027000000000000003,75
gpt-3.5-turbo,exp2,0,0.06118355065195587,0.081,76
gpt-3.5-turbo,exp2,0,0.0,0.18899999999999997,77
gpt-3.5-turbo,exp2,0,0.0,0.054000000000000006,78
gpt-3.5-turbo,exp2,0,0.0,0.162,79
gpt-3.5-turbo,exp2,0,0.0,0.027000000000000003,80
gpt-3.5-turbo,exp2,0,0.02556077203964528,0.10800000000000001,81
gpt-3.5-turbo,exp2,0,0.0,0.027000000000000003,82
gpt-3.5-turbo,exp2,0,0.0,0.027000000000000003,83
gpt-3.5-turbo,exp2,0,0.0,0.027000000000000003,84
gpt-3.5-turbo,exp2,0,0.0,0.027000000000000003,85
gpt-3.5-turbo,exp2,0,0.0,0.18899999999999997,86
gpt-3.5-turbo,exp2,0,0.0,0.243,87
gpt-3.5-turbo,exp2,0,0.0,0.027000000000000003,88
gpt-3.5-turbo,exp2,0,0.0,0.027000000000000003,89
gpt-3.5-turbo,exp2,0,0.0,0.027000000000000003,90
gpt-3.5-turbo,exp2,0,0.0,0.027000000000000003,91
gpt-3.5-turbo,exp2,0,0.13238770685579196,0.081,92
gpt-3.5-turbo,exp2,0,0.0,0.18899999999999997,93
gpt-3.5-turbo,exp2,0,0.0,0.054000000000000006,94
gpt-3.5-turbo,exp2,0,0.31221490116573747,0.162,95
gpt-3.5-turbo,exp2,0,0.07414359455654622,0.184,96
gpt-3.5-turbo,exp2,0,0.0,0.026000000000000002,97
gpt-3.5-turbo,exp2,0,0.0,0.026000000000000002,98
gpt-3.5-turbo,exp2,0,0.0,0.026000000000000002,99
gpt-3.5-turbo,exp2,0,0.0,0.0,0
gpt-3.5-turbo,exp2,0,0.0,0.022000000000000002,1
gpt-3.5-turbo,exp2,0,0.17647058823529413,0.42200000000000004,2
gpt-3.5-turbo,exp2,0,0.34885439763488546,0.022000000000000002,3
gpt-3.5-turbo,exp2,0,0.0,0.067,4
gpt-3.5-turbo,exp2,0,0.0,0.022000000000000002,5
gpt-3.5-turbo,exp2,0,0.20944958597174865,0.489,6
gpt-3.5-turbo,exp2,0,0.0,0.019,7
gpt-3.5-turbo,exp2,0,0.0,0.28800000000000003,8
gpt-3.5-turbo,exp2,0,0.0,0.019,9
gpt-3.5-turbo,exp2,0,0.0,0.038,10
gpt-3.5-turbo,exp2,0,0.40018981335020565,0.038,11
gpt-3.5-turbo,exp2,0,0.0,0.019,12
gpt-3.5-turbo,exp2,0,0.0,0.057999999999999996,13
gpt-3.5-turbo,exp2,0,0.0,0.038,14
gpt-3.5-turbo,exp2,0,0.0,0.038,15
gpt-3.5-turbo,exp2,0,0.050674105067410505,0.192,16
gpt-3.5-turbo,exp2,0,0.0,0.019,17
gpt-3.5-turbo,exp2,0,0.0,0.28800000000000003,18
gpt-3.5-turbo,exp2,0,0.0,0.019,19
gpt-3.5-turbo,exp2,0,0.0,0.038,20
gpt-3.5-turbo,exp2,0,0.0,0.038,21
gpt-3.5-turbo,exp2,0,0.0,0.019,22
gpt-3.5-turbo,exp2,0,0.0,0.019,23
gpt-3.5-turbo,exp2,0,0.15884325230511315,0.038,24
gpt-3.5-turbo,exp2,0,0.0,0.019,25
gpt-3.5-turbo,exp2,0,0.0,0.28800000000000003,26
gpt-3.5-turbo,exp2,0,0.0,0.019,27
gpt-3.5-turbo,exp2,0,0.13468013468013468,0.038,28
gpt-3.5-turbo,exp2,0,0.0,0.019,29
gpt-3.5-turbo,exp2,0,0.0,0.019,30
gpt-3.5-turbo,exp2,0,0.0,0.019,31
gpt-3.5-turbo,exp2,0,0.11489957963568426,0.423,32
gpt-3.5-turbo,exp2,0,0.1961628817541112,0.038,33
gpt-3.5-turbo,exp2,0,0.0,0.019,34
gpt-3.5-turbo,exp2,0,0.27625489498042005,0.28800000000000003,35
gpt-3.5-turbo,exp2,0,0.0,0.019,36
gpt-3.5-turbo,exp2,0,0.0,0.019,37
gpt-3.5-turbo,exp2,0,0.0,0.327,38
gpt-3.5-turbo,exp2,0,0.0,0.019,39
gpt-3.5-turbo,exp2,0,0.0,0.019,40
gpt-3.5-turbo,exp2,0,0.0,0.019,41
gpt-3.5-turbo,exp2,0,0.0,0.038,42
gpt-3.5-turbo,exp2,0,0.0,0.019,43
gpt-3.5-turbo,exp2,0,0.0,0.154,44
gpt-3.5-turbo,exp2,0,0.0,0.019,45
gpt-3.5-turbo,exp2,0,0.042444029850746266,0.019,46
gpt-3.5-turbo,exp2,0,0.0,0.019,47
gpt-3.5-turbo,exp2,0,0.21264367816091953,0.28800000000000003,48
gpt-3.5-turbo,exp2,0,0.0,0.135,49
gpt-3.5-turbo,exp2,0,0.059981684981684984,0.019,50
gpt-3.5-turbo,exp2,0,1.388540734109221,0.038,51
gpt-3.5-turbo,exp2,0,0.17493472584856398,0.019,52
gpt-3.5-turbo,exp2,0,0.0,0.019,53
gpt-3.5-turbo,exp2,0,0.23616392057456695,0.28800000000000003,54
gpt-3.5-turbo,exp2,0,0.0,0.019,55
gpt-3.5-turbo,exp2,0,0.0,0.28800000000000003,56
gpt-3.5-turbo,exp2,0,0.0,0.019,57
gpt-3.5-turbo,exp2,0,0.10952600092038656,0.038,58
gpt-3.5-turbo,exp2,0,0.0,0.019,59
gpt-3.5-turbo,exp2,0,0.10452636490900606,0.28800000000000003,60
gpt-3.5-turbo,exp2,0,0.12339880444064902,0.019,61
gpt-3.5-turbo,exp2,0,0.0,0.019,62
gpt-3.5-turbo,exp2,0,0.12239221140472879,0.28800000000000003,63
gpt-3.5-turbo,exp2,0,0.0,0.135,64
gpt-3.5-turbo,exp2,0,0.0,0.115,65
gpt-3.5-turbo,exp2,0,0.0,0.019,66
gpt-3.5-turbo,exp2,0,0.31559854897218864,0.48100000000000004,67
gpt-3.5-turbo,exp2,0,0.12260711030082042,0.135,68
gpt-3.5-turbo,exp2,0,0.9313200194836824,0.077,69
gpt-3.5-turbo,exp2,0,0.0,0.038,70
gpt-3.5-turbo,exp2,0,0.0,0.019,71
gpt-3.5-turbo,exp2,0,0.6941061860691671,0.442,72
gpt-3.5-turbo,exp2,0,0.0,0.038,73
gpt-3.5-turbo,exp2,0,0.0,0.019,74
gpt-3.5-turbo,exp2,0,0.0,0.442,75
gpt-3.5-turbo,exp2,0,0.8139308329274233,0.019,76
gpt-3.5-turbo,exp2,0,0.0,0.038,77
gpt-3.5-turbo,exp2,0,0.0,0.019,78
gpt-3.5-turbo,exp2,0,0.0,0.442,79
gpt-3.5-turbo,exp2,0,0.11603471904979443,0.019,80
gpt-3.5-turbo,exp2,0,0.0,0.019,81
gpt-3.5-turbo,exp2,0,0.16098121885779992,0.278,82
gpt-3.5-turbo,exp2,0,0.0,0.016,83
gpt-3.5-turbo,exp2,0,0.0,0.27399999999999997,84
gpt-3.5-turbo,exp2,0,0.0,0.016,85
gpt-3.5-turbo,exp2,0,0.1560768980123819,0.032,86
gpt-3.5-turbo,exp2,0,0.17939666238767651,0.371,87
gpt-3.5-turbo,exp2,0,0.0,0.032,88
gpt-3.5-turbo,exp2,0,0.0,0.016,89
gpt-3.5-turbo,exp2,0,0.0,0.016,90
gpt-3.5-turbo,exp2,0,0.0,0.016,91
gpt-3.5-turbo,exp2,0,0.0,0.016,92
gpt-3.5-turbo,exp2,0,0.0,0.048,93
gpt-3.5-turbo,exp2,0,0.0,0.016,94
gpt-3.5-turbo,exp2,0,0.0,0.065,95
gpt-3.5-turbo,exp2,0,0.0,0.048,96
gpt-3.5-turbo,exp2,0,0.0,0.016,97
gpt-3.5-turbo,exp2,0,0.0,0.016,98
gpt-3.5-turbo,exp2,0,0.11307014181678804,0.016,99
gpt-4o,exp1,0,0.0,0.0,0
gpt-4o,exp1,0,0.06418533991644512,0.08900000000000001,1
gpt-4o,exp1,0,0.0,0.08900000000000001,2
gpt-4o,exp1,0,0.07132018209408195,0.036000000000000004,3
gpt-4o,exp1,0,0.0,0.08900000000000001,4
gpt-4o,exp1,0,0.058394160583941604,0.036000000000000004,5
gpt-4o,exp1,0,0.0,0.018000000000000002,6
gpt-4o,exp1,0,0.0,0.071,7
gpt-4o,exp1,0,0.05492793143747565,0.036000000000000004,8
gpt-4o,exp1,0,0.0,0.018000000000000002,9
gpt-4o,exp1,0,0.0,0.071,10
gpt-4o,exp1,0,0.07110609480812641,0.036000000000000004,11
gpt-4o,exp1,0,0.0,0.08900000000000001,12
gpt-4o,exp1,0,0.0,0.036000000000000004,13
gpt-4o,exp1,0,0.0,0.054000000000000006,14
gpt-4o,exp1,0,0.0,0.054000000000000006,15
gpt-4o,exp1,0,0.0,0.214,16
gpt-4o,exp1,0,0.07151185386708123,0.018000000000000002,17
gpt-4o,exp1,0,0.0,0.08900000000000001,18
gpt-4o,exp1,0,0.0,0.036000000000000004,19
gpt-4o,exp1,0,0.0,0.054000000000000006,20
gpt-4o,exp1,0,0.1322463768115942,0.054000000000000006,21
gpt-4o,exp1,0,0.0,0.08900000000000001,22
gpt-4o,exp1,0,0.0,0.036000000000000004,23
gpt-4o,exp1,0,0.0,0.054000000000000006,24
gpt-4o,exp1,0,0.0,0.054000000000000006,25
gpt-4o,exp1,0,0.0,0.214,26
gpt-4o,exp1,0,0.05153846153846154,0.018000000000000002,27
gpt-4o,exp1,0,0.020872865275142316,0.035,28
gpt-4o,exp1,0,0.045871559633027525,0.035,29
gpt-4o,exp1,0,0.0,0.035,30
gpt-4o,exp1,0,0.0,0.018000000000000002,31
gpt-4o,exp1,0,0.0,0.018000000000000002,32
gpt-4o,exp1,0,0.0,0.018000000000000002,33
gpt-4o,exp1,0,0.008073817762399077,0.018000000000000002,34
gpt-4o,exp1,0,0.14285714285714285,0.018000000000000002,35
gpt-4o,exp1,0,0.0,0.032,36
gpt-4o,exp1,0,0.06516129032258064,0.016,37
gpt-4o,exp1,0,0.04113195129976966,0.032,38
gpt-4o,exp1,0,0.04743083003952569,0.032,39
gpt-4o,exp1,0,0.0,0.032,40
gpt-4o,exp1,0,0.1884206920178143,0.016,41
gpt-4o,exp1,0,0.11145703611457036,0.081,42
gpt-4o,exp1,0,0.04887585532746823,0.032,43
gpt-4o,exp1,0,0.04607843137254902,0.032,44
gpt-4o,exp1,0,0.0,0.032,45
gpt-4o,exp1,0,0.03758654797230465,0.016,46
gpt-4o,exp1,0,0.0,0.032,47
gpt-4o,exp1,0,0.11865942028985507,0.016,48
gpt-4o,exp1,0,0.0,0.048,49
gpt-4o,exp1,0,0.0,0.065,50
gpt-4o,exp1,0,0.05292388108461287,0.065,51
gpt-4o,exp1,0,0.050195567144719684,0.032,52
gpt-4o,exp1,0,0.061112898037954326,0.032,53
gpt-4o,exp1,0,0.043822075782537065,0.032,54
gpt-4o,exp1,0,0.0,0.032,55
gpt-4o,exp1,0,0.06055699481865285,0.016,56
gpt-4o,exp1,0,0.0,0.032,57
gpt-4o,exp1,0,0.0,0.016,58
gpt-4o,exp1,0,0.048042119118130965,0.016,59
gpt-4o,exp1,0,0.10859883521754025,0.032,60
gpt-4o,exp1,0,0.05533980582524272,0.016,61
gpt-4o,exp1,0,0.06502242152466367,0.032,62
gpt-4o,exp1,0,0.0,0.032,63
gpt-4o,exp1,0,0.0,0.016,64
gpt-4o,exp1,0,0.0,0.016,65
gpt-4o,exp1,0,0.0,0.016,66
gpt-4o,exp1,0,0.04295081967213115,0.016,67
gpt-4o,exp1,0,0.11972255729794934,0.016,68
gpt-4o,exp1,0,0.19422897921191437,0.048,69
gpt-4o,exp1,0,0.0400397088021178,0.032,70
gpt-4o,exp1,0,0.0,0.032,71
gpt-4o,exp1,0,0.04366523321204102,0.016,72
gpt-4o,exp1,0,0.0,0.032,73
gpt-4o,exp1,0,0.05808325266214908,0.016,74
gpt-4o,exp1,0,0.0,0.032,75
gpt-4o,exp1,0,0.04389125450376679,0.016,76
gpt-4o,exp1,0,0.049185667752443,0.016,77
gpt-4o,exp1,0,0.05533980582524272,0.032,78
gpt-4o,exp1,0,0.060810810810810814,0.032,79
gpt-4o,exp1,0,0.05490578297595841,0.032,80
gpt-4o,exp1,0,0.06528765352294764,0.032,81
gpt-4o,exp1,0,0.07819453273998729,0.032,82
gpt-4o,exp1,0,0.0,0.032,83
gpt-4o,exp1,0,0.06217616580310881,0.016,84
gpt-4o,exp1,0,0.4138403562863994,0.032,85
gpt-4o,exp1,0,0.04763458401305057,0.032,86
gpt-4o,exp1,0,0.0,0.032,87
gpt-4o,exp1,0,0.5029126213592233,0.33899999999999997,88
gpt-4o,exp1,0,0.16695205479452055,0.065,89
gpt-4o,exp1,0,0.11367207962283918,0.087,90
gpt-4o,exp1,0,0.4897260273972603,0.159,91
gpt-4o,exp1,0,0.03275048570635582,0.013999999999999999,92
gpt-4o,exp1,0,0.03449227373068433,0.013999999999999999,93
gpt-4o,exp1,0,0.05483522420313344,0.087,94
gpt-4o,exp1,0,0.01107011070110701,0.087,95
gpt-4o,exp1,0,0.4469178082191781,0.087,96
gpt-4o,exp1,0,0.0,0.087,97
gpt-4o,exp1,0,0.058265582655826556,0.028999999999999998,98
gpt-4o,exp1,0,0.0,0.087,99
gpt-4o,exp1,0,0.0,0.0,0
gpt-4o,exp1,0,0.0,0.037000000000000005,1
gpt-4o,exp1,0,0.0,0.037000000000000005,2
gpt-4o,exp1,0,0.0,0.16699999999999998,3
gpt-4o,exp1,0,0.03594629709831096,0.019,4
gpt-4o,exp1,0,0.0,0.037000000000000005,5
gpt-4o,exp1,0,0.0,0.037000000000000005,6
gpt-4o,exp1,0,0.0,0.16699999999999998,7
gpt-4o,exp1,0,0.0,0.019,8
gpt-4o,exp1,0,0.3262518968133536,0.33299999999999996,9
gpt-4o,exp1,0,0.9823622047244095,0.467,10
gpt-4o,exp1,0,0.0,0.3,11
gpt-4o,exp1,0,0.03268453911127433,0.05,12
gpt-4o,exp1,0,0.0,0.45899999999999996,13
gpt-4o,exp1,0,0.0,0.033,14
gpt-4o,exp1,0,0.0,0.033,15
gpt-4o,exp1,0,0.0,0.016,16
gpt-4o,exp1,0,0.0,0.049,17
gpt-4o,exp1,0,0.0,0.016,18
gpt-4o,exp1,0,0.0,0.033,19
gpt-4o,exp1,0,0.10013486176668915,0.213,20
gpt-4o,exp1,0,0.22900536033353186,0.45899999999999996,21
gpt-4o,exp1,0,0.16032258064516128,0.23,22
gpt-4o,exp1,0,0.0,0.45899999999999996,23
gpt-4o,exp1,0,0.0,0.033,24
gpt-4o,exp1,0,0.0,0.033,25
gpt-4o,exp1,0,0.34146341463414637,0.016,26
gpt-4o,exp1,0,0.12441399206635413,0.45899999999999996,27
gpt-4o,exp1,0,0.0,0.45899999999999996,28
gpt-4o,exp1,0,0.0,0.033,29
gpt-4o,exp1,0,0.0,0.033,30
gpt-4o,exp1,0,0.014125316914161535,0.016,31
gpt-4o,exp1,0,0.0,0.45899999999999996,32
gpt-4o,exp1,0,0.0,0.033,33
gpt-4o,exp1,0,0.0,0.033,34
gpt-4o,exp1,0,0.0,0.016,35
gpt-4o,exp1,0,0.0,0.049,36
gpt-4o,exp1,0,0.0,0.016,37
gpt-4o,exp1,0,0.041534670890531505,0.033,38
gpt-4o,exp1,0,0.15642276422764229,0.45899999999999996,39
gpt-4o,exp1,0,0.27211225256827865,0.47100000000000003,40
gpt-4o,exp1,0,0.12878079201746181,0.221,41
gpt-4o,exp1,0,0.0,0.47100000000000003,42
gpt-4o,exp1,0,0.0,0.028999999999999998,43
gpt-4o,exp1,0,0.014107085604360373,0.028999999999999998,44
gpt-4o,exp1,0,0.9612590799031477,0.47100000000000003,45
gpt-4o,exp1,0,0.10168989030536614,0.07400000000000001,46
gpt-4o,exp1,0,0.01914486279514997,0.015,47
gpt-4o,exp1,0,0.0,0.47100000000000003,48
gpt-4o,exp1,0,0.013795316008982997,0.028999999999999998,49
gpt-4o,exp1,0,0.9233926128590971,0.47100000000000003,50
gpt-4o,exp1,0,0.1460705359622327,0.08800000000000001,51
gpt-4o,exp1,0,0.0,0.132,52
gpt-4o,exp1,0,0.018524433088470137,0.028999999999999998,53
gpt-4o,exp1,0,0.09563543003851091,0.47100000000000003,54
gpt-4o,exp1,0,0.03453689167974882,0.015,55
gpt-4o,exp1,0,0.06251906068923452,0.47100000000000003,56
gpt-4o,exp1,0,0.10270100502512562,0.47100000000000003,57
gpt-4o,exp1,0,0.034233668341708545,0.015,58
gpt-4o,exp1,0,0.959349593495935,0.47100000000000003,59
gpt-4o,exp1,0,0.17723156532988357,0.294,60
gpt-4o,exp1,0,0.12062937062937062,0.47100000000000003,61
gpt-4o,exp1,0,0.12454212454212454,0.47100000000000003,62
gpt-4o,exp1,0,0.0,0.47100000000000003,63
gpt-4o,exp1,0,0.056632810095413974,0.028999999999999998,64
gpt-4o,exp1,0,0.0,0.47100000000000003,65
gpt-4o,exp1,0,0.042652552926525526,0.028999999999999998,66
gpt-4o,exp1,0,0.09838107098381071,0.465,67
gpt-4o,exp1,0,0.12990409764603314,0.465,68
gpt-4o,exp1,0,0.06008717310087173,0.013999999999999999,69
gpt-4o,exp1,0,0.0,0.465,70
gpt-4o,exp1,0,0.05802469135802469,0.027999999999999997,71
gpt-4o,exp1,0,0.0,0.155,72
gpt-4o,exp1,0,0.02262864228146311,0.013999999999999999,73
gpt-4o,exp1,0,0.0,0.465,74
gpt-4o,exp1,0,0.0883054892601432,0.027999999999999997,75
gpt-4o,exp1,0,1.029375,0.465,76
gpt-4o,exp1,0,0.09723076923076923,0.027999999999999997,77
gpt-4o,exp1,0,0.11846381093057608,0.268,78
gpt-4o,exp1,0,0.16174441070935688,0.465,79
gpt-4o,exp1,0,0.3204183503684336,0.465,80
gpt-4o,exp1,0,0.05292652552926526,0.013999999999999999,81
gpt-4o,exp1,0,0.25578890683898764,0.465,82
gpt-4o,exp1,0,0.120364920541495,0.027999999999999997,83
gpt-4o,exp1,0,0.0,0.013999999999999999,84
gpt-4o,exp1,0,0.08557605080133052,0.099,85
gpt-4o,exp1,0,0.0,0.465,86
gpt-4o,exp1,0,0.050858034321372855,0.027999999999999997,87
gpt-4o,exp1,0,0.0,0.465,88
gpt-4o,exp1,0,0.0,0.027999999999999997,89
gpt-4o,exp1,0,0.03294046539740103,0.027999999999999997,90
gpt-4o,exp1,0,0.16179775280898875,0.282,91
gpt-4o,exp1,0,0.0,0.268,92
gpt-4o,exp1,0,0.0,0.027999999999999997,93
gpt-4o,exp1,0,0.0644561512240471,0.013999999999999999,94
gpt-4o,exp1,0,0.0,0.465,95
gpt-4o,exp1,0,0.0,0.027999999999999997,96
gpt-4o,exp1,0,0.09712230215827339,0.027999999999999997,97
gpt-4o,exp1,0,0.5840625,0.465,98
gpt-4o,exp1,0,0.990672696438666,0.127,99
gpt-4o,exp1,0,0.0,0.0,0
gpt-4o,exp1,0,0.0,0.019,1
gpt-4o,exp1,0,0.06300422589320015,0.037000000000000005,2
gpt-4o,exp1,0,0.0,0.018000000000000002,3
gpt-4o,exp1,0,0.04019174041297935,0.036000000000000004,4
gpt-4o,exp1,0,0.0,0.018000000000000002,5
gpt-4o,exp1,0,0.057881325081907534,0.036000000000000004,6
gpt-4o,exp1,0,0.0,0.018000000000000002,7
gpt-4o,exp1,0,0.04689703808180536,0.035,8
gpt-4o,exp1,0,0.008815232722143865,0.017,9
gpt-4o,exp1,0,0.03184931506849315,0.017,10
gpt-4o,exp1,0,0.036709721278042146,0.017,11
gpt-4o,exp1,0,0.0,0.069,12
gpt-4o,exp1,0,0.0,0.017,13
gpt-4o,exp1,0,0.0,0.034,14
gpt-4o,exp1,0,0.05243317340644277,0.034,15
gpt-4o,exp1,0,0.0,0.017,16
gpt-4o,exp1,0,0.0,0.22399999999999998,17
gpt-4o,exp1,0,0.010570824524312896,0.017,18
gpt-4o,exp1,0,0.04907563025210084,0.017,19
gpt-4o,exp1,0,0.0,0.086,20
gpt-4o,exp1,0,0.45879888268156427,0.017,21
gpt-4o,exp1,0,0.0,0.017,22
gpt-4o,exp1,0,0.0,0.153,23
gpt-4o,exp1,0,0.0,0.203,24
gpt-4o,exp1,0,0.11916376306620209,0.017,25
gpt-4o,exp1,0,0.12152777777777778,0.017,26
gpt-4o,exp1,0,0.05725699067909454,0.017,27
gpt-4o,exp1,0,0.029472241261137764,0.017,28
gpt-4o,exp1,0,0.025915687629578438,0.017,29
gpt-4o,exp1,0,0.18146987112504354,0.017,30
gpt-4o,exp1,0,0.0,0.017,31
gpt-4o,exp1,0,0.0,0.153,32
gpt-4o,exp1,0,0.0,0.203,33
gpt-4o,exp1,0,0.20634920634920634,0.017,34
gpt-4o,exp1,0,0.06208425720620843,0.017,35
gpt-4o,exp1,0,0.03361618798955614,0.017,36
gpt-4o,exp1,0,0.0,0.017,37
gpt-4o,exp1,0,0.0,0.15,38
gpt-4o,exp1,0,0.30059132720105125,0.217,39
gpt-4o,exp1,0,0.04112694300518135,0.017,40
gpt-4o,exp1,0,0.027236045729657026,0.017,41
gpt-4o,exp1,0,0.029206770660471292,0.017,42
gpt-4o,exp1,0,0.0,0.033,43
gpt-4o,exp1,0,0.0,0.317,44
gpt-4o,exp1,0,0.03836065573770492,0.017,45
gpt-4o,exp1,0,0.026947091685836345,0.017,46
gpt-4o,exp1,0,0.0,0.049,47
gpt-4o,exp1,0,0.26947091685836344,0.016,48
gpt-4o,exp1,0,0.0,0.049,49
gpt-4o,exp1,0,0.2850146914789422,0.016,50
gpt-4o,exp1,0,0.006243838317449885,0.049,51
gpt-4o,exp1,0,0.0,0.049,52
gpt-4o,exp1,0,0.04254638515674984,0.016,53
gpt-4o,exp1,0,0.44264462809917354,0.049,54
gpt-4o,exp1,0,0.0,0.049,55
gpt-4o,exp1,0,0.3748760330578512,0.016,56
gpt-4o,exp1,0,0.0,0.049,57
gpt-4o,exp1,0,0.0,0.049,58
gpt-4o,exp1,0,0.025459233000322268,0.016,59
gpt-4o,exp1,0,0.0,0.049,60
gpt-4o,exp1,0,0.01594014313597918,0.016,61
gpt-4o,exp1,0,0.0,0.049,62
gpt-4o,exp1,0,0.01877630301068307,0.016,63
gpt-4o,exp1,0,0.03962264150943396,0.016,64
gpt-4o,exp1,0,0.032846715328467155,0.032,65
gpt-4o,exp1,0,0.0,0.016,66
gpt-4o,exp1,0,0.0,0.016,67
gpt-4o,exp1,0,0.0,0.016,68
gpt-4o,exp1,0,0.3637465898757199,0.016,69
gpt-4o,exp1,0,0.3510701545778835,0.016,70
gpt-4o,exp1,0,0.0,0.016,71
gpt-4o,exp1,0,0.3795620437956204,0.016,72
gpt-4o,exp1,0,0.0,0.016,73
gpt-4o,exp1,0,0.012469586374695864,0.016,74
gpt-4o,exp1,0,0.0,0.063,75
gpt-4o,exp1,0,0.0018214936247723133,0.016,76
gpt-4o,exp1,0,0.026066350710900472,0.016,77
gpt-4o,exp1,0,0.005170316301703163,0.016,78
gpt-4o,exp1,0,0.018507462686567163,0.016,79
gpt-4o,exp1,0,0.0,0.016,80
gpt-4o,exp1,0,0.0,0.016,81
gpt-4o,exp1,0,0.005145278450363196,0.016,82
gpt-4o,exp1,0,0.049773755656108594,0.016,83
gpt-4o,exp1,0,0.38017031630170317,0.016,84
gpt-4o,exp1,0,0.326338199513382,0.016,85
gpt-4o,exp1,0,0.0018214936247723133,0.016,86
gpt-4o,exp1,0,0.40418535127055305,0.016,87
gpt-4o,exp1,0,0.3798661800486618,0.016,88
gpt-4o,exp1,0,0.0,0.016,89
gpt-4o,exp1,0,0.0405602567843595,0.016,90
gpt-4o,exp1,0,0.32755474452554745,0.016,91
gpt-4o,exp1,0,0.0,0.016,92
gpt-4o,exp1,0,0.03208713570797763,0.016,93
gpt-4o,exp1,0,0.3862530413625304,0.016,94
gpt-4o,exp1,0,0.40178306092124816,0.016,95
gpt-4o,exp1,0,0.3821752265861027,0.016,96
gpt-4o,exp1,0,0.47536496350364965,0.016,97
gpt-4o,exp1,0,0.3792579075425791,0.016,98
gpt-4o,exp1,0,0.019768856447688565,0.016,99
gpt-4o,exp1,0,0.0,0.0,0
gpt-4o,exp1,0,0.033770014556040756,0.027999999999999997,1
gpt-4o,exp1,0,0.0,0.027999999999999997,2
gpt-4o,exp1,0,0.0,0.027999999999999997,3
gpt-4o,exp1,0,0.0,0.083,4
gpt-4o,exp1,0,0.0,0.055999999999999994,5
gpt-4o,exp1,0,0.03532136653155762,0.013999999999999999,6
gpt-4o,exp1,0,0.0,0.027999999999999997,7
gpt-4o,exp1,0,0.0,0.055999999999999994,8
gpt-4o,exp1,0,0.0,0.23600000000000002,9
gpt-4o,exp1,0,0.0,0.013999999999999999,10
gpt-4o,exp1,0,0.015652687536916714,0.055999999999999994,11
gpt-4o,exp1,0,0.0,0.042,12
gpt-4o,exp1,0,0.0,0.33299999999999996,13
gpt-4o,exp1,0,0.0,0.055999999999999994,14
gpt-4o,exp1,0,0.03192106790481718,0.013999999999999999,15
gpt-4o,exp1,0,0.0,0.027999999999999997,16
gpt-4o,exp1,0,0.0,0.027999999999999997,17
gpt-4o,exp1,0,0.0,0.083,18
gpt-4o,exp1,0,0.0,0.055999999999999994,19
gpt-4o,exp1,0,0.015057573073516387,0.013999999999999999,20
gpt-4o,exp1,0,0.016269610691458453,0.027999999999999997,21
gpt-4o,exp1,0,0.007783222830786971,0.013999999999999999,22
gpt-4o,exp1,0,0.05474452554744526,0.055999999999999994,23
gpt-4o,exp1,0,0.019755955839628123,0.013999999999999999,24
gpt-4o,exp1,0,0.017133066818960593,0.013999999999999999,25
gpt-4o,exp1,0,0.060655737704918035,0.013999999999999999,26
gpt-4o,exp1,0,0.0,0.027999999999999997,27
gpt-4o,exp1,0,0.04153889043769166,0.013999999999999999,28
gpt-4o,exp1,0,0.048540965207631875,0.027999999999999997,29
gpt-4o,exp1,0,0.4783950617283951,0.233,30
gpt-4o,exp1,0,0.0,0.027000000000000003,31
gpt-4o,exp1,0,0.3186893203883495,0.151,32
gpt-4o,exp1,0,0.015197568389057751,0.013999999999999999,33
gpt-4o,exp1,0,0.08208752378363686,0.055,34
gpt-4o,exp1,0,0.39666203059805283,0.233,35
gpt-4o,exp1,0,0.03204780010863661,0.013999999999999999,36
gpt-4o,exp1,0,0.4866920152091255,0.23,37
gpt-4o,exp1,0,0.0,0.013000000000000001,38
gpt-4o,exp1,0,0.0,0.12,39
gpt-4o,exp1,0,0.0,0.067,40
gpt-4o,exp1,0,0.012054794520547946,0.027000000000000003,41
gpt-4o,exp1,0,0.0,0.013000000000000001,42
gpt-4o,exp1,0,0.04054779806659506,0.12,43
gpt-4o,exp1,0,0.0,0.013000000000000001,44
gpt-4o,exp1,0,0.12217687074829932,0.12,45
gpt-4o,exp1,0,0.05502699922859347,0.027000000000000003,46
gpt-4o,exp1,0,0.06321692582207494,0.027000000000000003,47
gpt-4o,exp1,0,0.004822335025380711,0.025,48
gpt-4o,exp1,0,0.03442298167409609,0.025,49
gpt-4o,exp1,0,0.028974552784076592,0.025,50
gpt-4o,exp1,0,0.0,0.025,51
gpt-4o,exp1,0,0.0,0.012,52
gpt-4o,exp1,0,0.021412184552638287,0.025,53
gpt-4o,exp1,0,0.05189620758483034,0.025,54
gpt-4o,exp1,0,0.0,0.012,55
gpt-4o,exp1,0,0.024471068060158044,0.012,56
gpt-4o,exp1,0,0.05214800099329526,0.025,57
gpt-4o,exp1,0,0.07845900869156683,0.025,58
gpt-4o,exp1,0,0.0,0.012,59
gpt-4o,exp1,0,0.0677379480840544,0.012,60
gpt-4o,exp1,0,0.003303684879288437,0.012,61
gpt-4o,exp1,0,0.0,0.025,62
gpt-4o,exp1,0,0.0063532401524777635,0.012,63
gpt-4o,exp1,0,0.0,0.025,64
gpt-4o,exp1,0,0.007338056680161943,0.012,65
gpt-4o,exp1,0,0.009608091024020228,0.025,66
gpt-4o,exp1,0,0.0010165184243964421,0.025,67
gpt-4o,exp1,0,0.0,0.025,68
gpt-4o,exp1,0,0.026501766784452298,0.012,69
gpt-4o,exp1,0,0.00354699771978718,0.025,70
gpt-4o,exp1,0,0.0030495552731893264,0.025,71
gpt-4o,exp1,0,0.12009132420091324,0.025,72
gpt-4o,exp1,0,0.01180607887465461,0.012,73
gpt-4o,exp1,0,0.22030938123752494,0.025,74
gpt-4o,exp1,0,0.0,0.025,75
gpt-4o,exp1,0,0.0030495552731893264,0.012,76
gpt-4o,exp1,0,0.0,0.025,77
gpt-4o,exp1,0,0.023726273726273728,0.012,78
gpt-4o,exp1,0,0.0,0.025,79
gpt-4o,exp1,0,0.035705305506663315,0.025,80
gpt-4o,exp1,0,0.0030495552731893264,0.025,81
gpt-4o,exp1,0,0.07414634146341463,0.025,82
gpt-4o,exp1,0,0.0,0.012,83
gpt-4o,exp1,0,0.02274431392151962,0.025,84
gpt-4o,exp1,0,0.0,0.025,85
gpt-4o,exp1,0,0.0032936407398023817,0.012,86
gpt-4o,exp1,0,0.0601353044349787,0.025,87
gpt-4o,exp1,0,0.030212234706616728,0.025,88
gpt-4o,exp1,0,0.09847198641765705,0.025,89
gpt-4o,exp1,0,0.02304147465437788,0.024,90
gpt-4o,exp1,0,0.0,0.024,91
gpt-4o,exp1,0,0.07033713315546931,0.012,92
gpt-4o,exp1,0,0.03176861071597914,0.024,93
gpt-4o,exp1,0,0.031353919239904986,0.024,94
gpt-4o,exp1,0,0.015166340508806261,0.024,95
gpt-4o,exp1,0,0.25663716814159293,0.012,96
gpt-4o,exp1,0,0.0,0.012,97
gpt-4o,exp1,0,0.06132958801498127,0.024,98
gpt-4o,exp1,0,0.012874531835205993,0.011000000000000001,99
gpt-4o,exp1,0,0.0,0.0,0
gpt-4o,exp1,0,0.08638272345530894,0.044000000000000004,1
gpt-4o,exp1,0,0.018488485241647746,0.015,2
gpt-4o,exp1,0,0.027241051631295535,0.028999999999999998,3
gpt-4o,exp1,0,0.0,0.028999999999999998,4
gpt-4o,exp1,0,0.07668425954672461,0.059000000000000004,5
gpt-4o,exp1,0,0.0,0.028999999999999998,6
gpt-4o,exp1,0,0.0,0.015,7
gpt-4o,exp1,0,0.10132939438700148,0.10300000000000001,8
gpt-4o,exp1,0,0.031992397846056383,0.015,9
gpt-4o,exp1,0,0.06836342113051198,0.057999999999999996,10
gpt-4o,exp1,0,0.0,0.013999999999999999,11
gpt-4o,exp1,0,0.0,0.043,12
gpt-4o,exp1,0,0.028855103940428173,0.043,13
gpt-4o,exp1,0,0.0,0.043,14
gpt-4o,exp1,0,0.0,0.043,15
gpt-4o,exp1,0,0.039832285115303984,0.013999999999999999,16
gpt-4o,exp1,0,0.0,0.013999999999999999,17
gpt-4o,exp1,0,0.0,0.013999999999999999,18
gpt-4o,exp1,0,0.0,0.028999999999999998,19
gpt-4o,exp1,0,0.0,0.013999999999999999,20
gpt-4o,exp1,0,0.0,0.1,21
gpt-4o,exp1,0,0.05238513315774071,0.013999999999999999,22
gpt-4o,exp1,0,0.0,0.043,23
gpt-4o,exp1,0,0.06373429084380611,0.043,24
gpt-4o,exp1,0,0.05884066414214972,0.057,25
gpt-4o,exp1,0,0.013727245598328858,0.028999999999999998,26
gpt-4o,exp1,0,0.034774985388661604,0.028999999999999998,27
gpt-4o,exp1,0,0.0,0.028999999999999998,28
gpt-4o,exp1,0,0.0,0.129,29
gpt-4o,exp1,0,0.0,0.043,30
gpt-4o,exp1,0,0.0,0.013999999999999999,31
gpt-4o,exp1,0,0.0,0.028999999999999998,32
gpt-4o,exp1,0,0.18142235123367198,0.086,33
gpt-4o,exp1,0,0.008984725965858042,0.043,34
gpt-4o,exp1,0,0.0,0.043,35
gpt-4o,exp1,0,0.0,0.043,36
gpt-4o,exp1,0,0.0,0.013999999999999999,37
gpt-4o,exp1,0,0.0,0.043,38
gpt-4o,exp1,0,0.0068513553768245455,0.013999999999999999,39
gpt-4o,exp1,0,0.0,0.043,40
gpt-4o,exp1,0,0.0,0.013999999999999999,41
gpt-4o,exp1,0,0.0,0.028999999999999998,42
gpt-4o,exp1,0,0.02753368482718219,0.013999999999999999,43
gpt-4o,exp1,0,0.04106891701828411,0.027999999999999997,44
gpt-4o,exp1,0,0.0,0.466,45
gpt-4o,exp1,0,0.10030564045568213,0.027000000000000003,46
gpt-4o,exp1,0,0.0,0.013999999999999999,47
gpt-4o,exp1,0,0.0,0.040999999999999995,48
gpt-4o,exp1,0,0.04820261437908497,0.013999999999999999,49
gpt-4o,exp1,0,0.027371777836832315,0.013000000000000001,50
gpt-4o,exp1,0,0.03090394025238218,0.013000000000000001,51
gpt-4o,exp1,0,0.0,0.039,52
gpt-4o,exp1,0,0.0,0.23399999999999999,53
gpt-4o,exp1,0,0.0,0.013000000000000001,54
gpt-4o,exp1,0,0.06636948984645864,0.13,55
gpt-4o,exp1,0,0.0,0.039,56
gpt-4o,exp1,0,0.0,0.026000000000000002,57
gpt-4o,exp1,0,0.0,0.026000000000000002,58
gpt-4o,exp1,0,0.0,0.013000000000000001,59
gpt-4o,exp1,0,0.0,0.039,60
gpt-4o,exp1,0,0.036104754640223745,0.013000000000000001,61
gpt-4o,exp1,0,0.12705941088367448,0.013000000000000001,62
gpt-4o,exp1,0,0.21440739839376977,0.013000000000000001,63
gpt-4o,exp1,0,0.0,0.025,64
gpt-4o,exp1,0,0.06964553170244633,0.013000000000000001,65
gpt-4o,exp1,0,0.027920646583394562,0.013000000000000001,66
gpt-4o,exp1,0,0.0,0.203,67
gpt-4o,exp1,0,0.0,0.013000000000000001,68
gpt-4o,exp1,0,0.046798029556650245,0.013000000000000001,69
gpt-4o,exp1,0,0.0,0.266,70
gpt-4o,exp1,0,0.048539000241487565,0.025,71
gpt-4o,exp1,0,0.0,0.063,72
gpt-4o,exp1,0,0.5107913669064749,0.063,73
gpt-4o,exp1,0,0.06306954436450839,0.049,74
gpt-4o,exp1,0,0.0,0.025,75
gpt-4o,exp1,0,0.09077844311377245,0.025,76
gpt-4o,exp1,0,0.0,0.037000000000000005,77
gpt-4o,exp1,0,0.0,0.025,78
gpt-4o,exp1,0,0.0,0.012,79
gpt-4o,exp1,0,0.0,0.025,80
gpt-4o,exp1,0,0.0,0.012,81
gpt-4o,exp1,0,0.0,0.012,82
gpt-4o,exp1,0,0.08825589540042027,0.049,83
gpt-4o,exp1,0,0.0,0.17300000000000001,84
gpt-4o,exp1,0,0.07156048014773776,0.07400000000000001,85
gpt-4o,exp1,0,0.15119852489244007,0.037000000000000005,86
gpt-4o,exp1,0,0.08832583471465782,0.049,87
gpt-4o,exp1,0,0.08628868308109329,0.07400000000000001,88
gpt-4o,exp1,0,0.02225905754203173,0.012,89
gpt-4o,exp1,0,0.0,0.012,90
gpt-4o,exp1,0,0.0,0.012,91
gpt-4o,exp1,0,0.0,0.012,92
gpt-4o,exp1,0,0.004536771728748806,0.012,93
gpt-4o,exp1,0,0.0,0.038,94
gpt-4o,exp1,0,0.0,0.038,95
gpt-4o,exp1,0,0.0,0.012,96
gpt-4o,exp1,0,0.0,0.1,97
gpt-4o,exp1,0,0.0,0.162,98
gpt-4o,exp1,0,0.0,0.08800000000000001,99
gpt-4o,exp2,0,0.0,0.0,0
gpt-4o,exp2,0,0.0,0.021,1
gpt-4o,exp2,0,0.22421908429610612,0.021,2
gpt-4o,exp2,0,0.19887278582930756,0.018000000000000002,3
gpt-4o,exp2,0,0.0,0.017,4
gpt-4o,exp2,0,0.0,0.017,5
gpt-4o,exp2,0,0.0,0.051,6
gpt-4o,exp2,0,0.0,0.017,7
gpt-4o,exp2,0,0.0,0.068,8
gpt-4o,exp2,0,0.2815155807365439,0.051,9
gpt-4o,exp2,0,0.0,0.16399999999999998,10
gpt-4o,exp2,0,0.0,0.27899999999999997,11
gpt-4o,exp2,0,0.0,0.41,12
gpt-4o,exp2,0,0.0,0.19699999999999998,13
gpt-4o,exp2,0,0.0,0.27899999999999997,14
gpt-4o,exp2,0,0.0,0.066,15
gpt-4o,exp2,0,0.13100587625302454,0.016,16
gpt-4o,exp2,0,0.0,0.16399999999999998,17
gpt-4o,exp2,0,0.10794701986754966,0.27899999999999997,18
gpt-4o,exp2,0,0.0,0.16399999999999998,19
gpt-4o,exp2,0,0.0,0.27899999999999997,20
gpt-4o,exp2,0,0.0,0.41,21
gpt-4o,exp2,0,1.0527620396600565,0.19699999999999998,22
gpt-4o,exp2,0,0.15448188175460903,0.016,23
gpt-4o,exp2,0,0.8009049773755657,0.016,24
gpt-4o,exp2,0,0.0,0.16399999999999998,25
gpt-4o,exp2,0,0.25441039925719594,0.27899999999999997,26
gpt-4o,exp2,0,0.0,0.16399999999999998,27
gpt-4o,exp2,0,0.0,0.27899999999999997,28
gpt-4o,exp2,0,0.0,0.41,29
gpt-4o,exp2,0,0.0,0.19699999999999998,30
gpt-4o,exp2,0,0.5881570192947438,0.27899999999999997,31
gpt-4o,exp2,0,0.0,0.19699999999999998,32
gpt-4o,exp2,0,0.0,0.32799999999999996,33
gpt-4o,exp2,0,0.0,0.033,34
gpt-4o,exp2,0,0.0,0.049,35
gpt-4o,exp2,0,0.0,0.016,36
gpt-4o,exp2,0,0.0,0.016,37
gpt-4o,exp2,0,0.0,0.033,38
gpt-4o,exp2,0,0.08995080815179199,0.016,39
gpt-4o,exp2,0,0.20972644376899696,0.16399999999999998,40
gpt-4o,exp2,0,0.0,0.16399999999999998,41
gpt-4o,exp2,0,0.0,0.27899999999999997,42
gpt-4o,exp2,0,0.4931023419955085,0.41,43
gpt-4o,exp2,0,0.0,0.016,44
gpt-4o,exp2,0,0.0,0.016,45
gpt-4o,exp2,0,0.0,0.016,46
gpt-4o,exp2,0,0.2459234608985025,0.213,47
gpt-4o,exp2,0,0.0,0.08199999999999999,48
gpt-4o,exp2,0,0.28588200763134725,0.14800000000000002,49
gpt-4o,exp2,0,0.12918825561312608,0.16399999999999998,50
gpt-4o,exp2,0,0.0,0.16399999999999998,51
gpt-4o,exp2,0,0.0,0.27899999999999997,52
gpt-4o,exp2,0,0.0,0.41,53
gpt-4o,exp2,0,0.0,0.19699999999999998,54
gpt-4o,exp2,0,0.0,0.27899999999999997,55
gpt-4o,exp2,0,0.7953667953667953,0.066,56
gpt-4o,exp2,0,0.0,0.16399999999999998,57
gpt-4o,exp2,0,0.0,0.27899999999999997,58
gpt-4o,exp2,0,0.2233169129720854,0.41,59
gpt-4o,exp2,0,0.0,0.016,60
gpt-4o,exp2,0,0.0,0.27899999999999997,61
gpt-4o,exp2,0,0.0,0.016,62
gpt-4o,exp2,0,0.0,0.049,63
gpt-4o,exp2,0,0.7765580736543909,0.033,64
gpt-4o,exp2,0,0.0,0.16399999999999998,65
gpt-4o,exp2,0,0.0,0.27899999999999997,66
gpt-4o,exp2,0,0.0,0.41,67
gpt-4o,exp2,0,0.0,0.19699999999999998,68
gpt-4o,exp2,0,0.0,0.27899999999999997,69
gpt-4o,exp2,0,0.05063739376770538,0.066,70
gpt-4o,exp2,0,0.28158967391304346,0.16399999999999998,71
gpt-4o,exp2,0,0.0,0.16399999999999998,72
gpt-4o,exp2,0,0.5774269398723547,0.27899999999999997,73
gpt-4o,exp2,0,0.0,0.16399999999999998,74
gpt-4o,exp2,0,0.0,0.27899999999999997,75
gpt-4o,exp2,0,0.0,0.41,76
gpt-4o,exp2,0,0.19909938887101963,0.19699999999999998,77
gpt-4o,exp2,0,0.0,0.16399999999999998,78
gpt-4o,exp2,0,0.0,0.27899999999999997,79
gpt-4o,exp2,0,0.0,0.41,80
gpt-4o,exp2,0,1.093888699214749,0.19699999999999998,81
gpt-4o,exp2,0,0.0,0.16399999999999998,82
gpt-4o,exp2,0,0.0,0.26899999999999996,83
gpt-4o,exp2,0,0.0,0.40299999999999997,84
gpt-4o,exp2,0,0.0,0.19399999999999998,85
gpt-4o,exp2,0,0.0,0.284,86
gpt-4o,exp2,0,0.7931034482758621,0.06,87
gpt-4o,exp2,0,0.0,0.16399999999999998,88
gpt-4o,exp2,0,0.0,0.26899999999999996,89
gpt-4o,exp2,0,0.0,0.40299999999999997,90
gpt-4o,exp2,0,0.0,0.19399999999999998,91
gpt-4o,exp2,0,0.0,0.284,92
gpt-4o,exp2,0,0.7772037455602195,0.06,93
gpt-4o,exp2,0,0.0,0.09,94
gpt-4o,exp2,0,0.0,0.134,95
gpt-4o,exp2,0,0.797883236599522,0.06,96
gpt-4o,exp2,0,0.0,0.015,97
gpt-4o,exp2,0,0.0,0.26899999999999996,98
gpt-4o,exp2,0,0.0,0.015,99
gpt-4o,exp2,0,0.0,0.0,0
gpt-4o,exp2,0,0.012824166429182103,0.011000000000000001,1
gpt-4o,exp2,0,0.0,0.011000000000000001,2
gpt-4o,exp2,0,0.0,0.011000000000000001,3
gpt-4o,exp2,0,0.18759018759018758,0.022000000000000002,4
gpt-4o,exp2,0,0.011418783899514702,0.011000000000000001,5
gpt-4o,exp2,0,0.07414346895074947,0.011000000000000001,6
gpt-4o,exp2,0,0.0425531914893617,0.011000000000000001,7
gpt-4o,exp2,0,0.0186864523220665,0.011000000000000001,8
gpt-4o,exp2,0,0.036633926201221134,0.011000000000000001,9
gpt-4o,exp2,0,0.0,0.011000000000000001,10
gpt-4o,exp2,0,0.0,0.096,11
gpt-4o,exp2,0,0.0,0.043,12
gpt-4o,exp2,0,0.0,0.255,13
gpt-4o,exp2,0,0.0,0.298,14
gpt-4o,exp2,0,0.0,0.011000000000000001,15
gpt-4o,exp2,0,0.058747412008281576,0.064,16
gpt-4o,exp2,0,0.0324381813347514,0.011000000000000001,17
gpt-4o,exp2,0,0.034491907667816395,0.011000000000000001,18
gpt-4o,exp2,0,0.0,0.011000000000000001,19
gpt-4o,exp2,0,0.0,0.096,20
gpt-4o,exp2,0,0.2669672520170859,0.043,21
gpt-4o,exp2,0,0.055439875065070275,0.085,22
gpt-4o,exp2,0,0.04588358678552701,0.011000000000000001,23
gpt-4o,exp2,0,0.05086071987480438,0.011000000000000001,24
gpt-4o,exp2,0,0.0,0.16,25
gpt-4o,exp2,0,0.0,0.011000000000000001,26
gpt-4o,exp2,0,0.04407495381367115,0.064,27
gpt-4o,exp2,0,0.0,0.011000000000000001,28
gpt-4o,exp2,0,0.0,0.096,29
gpt-4o,exp2,0,0.0,0.043,30
gpt-4o,exp2,0,0.12924112924112924,0.255,31
gpt-4o,exp2,0,0.06428387760349705,0.043,32
gpt-4o,exp2,0,0.03607427055702918,0.011000000000000001,33
gpt-4o,exp2,0,0.05728356661482634,0.011000000000000001,34
gpt-4o,exp2,0,0.03474801061007957,0.011000000000000001,35
gpt-4o,exp2,0,0.0,0.01,36
gpt-4o,exp2,0,0.0,0.094,37
gpt-4o,exp2,0,0.1375,0.042,38
gpt-4o,exp2,0,0.032108913434369384,0.031,39
gpt-4o,exp2,0,0.03209242618741977,0.01,40
gpt-4o,exp2,0,0.0,0.01,41
gpt-4o,exp2,0,0.2583876980428705,0.094,42
gpt-4o,exp2,0,0.167624944714728,0.10400000000000001,43
gpt-4o,exp2,0,0.03605216057274355,0.062,44
gpt-4o,exp2,0,0.0,0.01,45
gpt-4o,exp2,0,0.07054899948691637,0.094,46
gpt-4o,exp2,0,0.0,0.01,47
gpt-4o,exp2,0,0.055499748869914614,0.01,48
gpt-4o,exp2,0,0.0,0.052000000000000005,49
gpt-4o,exp2,0,0.0,0.01,50
gpt-4o,exp2,0,0.045348535890126974,0.01,51
gpt-4o,exp2,0,0.0,0.01,52
gpt-4o,exp2,0,0.0,0.094,53
gpt-4o,exp2,0,0.0,0.042,54
gpt-4o,exp2,0,0.0,0.26,55
gpt-4o,exp2,0,0.0,0.292,56
gpt-4o,exp2,0,0.03582395087001024,0.01,57
gpt-4o,exp2,0,0.0,0.01,58
gpt-4o,exp2,0,0.03681922781897213,0.094,59
gpt-4o,exp2,0,0.005278437582475587,0.01,60
gpt-4o,exp2,0,0.03557716918351676,0.01,61
gpt-4o,exp2,0,0.02784940691077875,0.01,62
gpt-4o,exp2,0,0.04266599343600101,0.01,63
gpt-4o,exp2,0,0.03999030538051381,0.01,64
gpt-4o,exp2,0,0.04439083232810615,0.01,65
gpt-4o,exp2,0,0.008512769153730596,0.01,66
gpt-4o,exp2,0,0.03131881575727918,0.01,67
gpt-4o,exp2,0,0.03912937148447053,0.01,68
gpt-4o,exp2,0,0.0,0.01,69
gpt-4o,exp2,0,0.0,0.01,70
gpt-4o,exp2,0,0.0,0.02,71
gpt-4o,exp2,0,0.04943604511639069,0.02,72
gpt-4o,exp2,0,0.0,0.01,73
gpt-4o,exp2,0,0.0,0.01,74
gpt-4o,exp2,0,0.0,0.02,75
gpt-4o,exp2,0,0.3804594799293108,0.02,76
gpt-4o,exp2,0,0.0,0.01,77
gpt-4o,exp2,0,0.0,0.01,78
gpt-4o,exp2,0,0.06718898385565052,0.02,79
gpt-4o,exp2,0,0.03648747263439552,0.01,80
gpt-4o,exp2,0,0.0,0.01,81
gpt-4o,exp2,0,0.0,0.01,82
gpt-4o,exp2,0,0.0,0.02,83
gpt-4o,exp2,0,0.022940305870744943,0.02,84
gpt-4o,exp2,0,0.0,0.01,85
gpt-4o,exp2,0,0.0,0.01,86
gpt-4o,exp2,0,0.035238095238095235,0.02,87
gpt-4o,exp2,0,0.018422991893883568,0.01,88
gpt-4o,exp2,0,0.09870317002881844,0.01,89
gpt-4o,exp2,0,0.01480019733596448,0.01,90
gpt-4o,exp2,0,0.0,0.01,91
gpt-4o,exp2,0,0.02524645347439288,0.01,92
gpt-4o,exp2,0,0.06302808860470427,0.01,93
gpt-4o,exp2,0,0.0,0.01,94
gpt-4o,exp2,0,0.0,0.01,95
gpt-4o,exp2,0,0.0,0.019,96
gpt-4o,exp2,0,0.020393644771164336,0.019,97
gpt-4o,exp2,0,0.015312131919905771,0.01,98
gpt-4o,exp2,0,0.0,0.01,99
gpt-4o,exp2,0,0.0,0.0,0
gpt-4o,exp2,0,0.0,0.022000000000000002,1
gpt-4o,exp2,0,0.0,0.022000000000000002,2
gpt-4o,exp2,0,0.0,0.022000000000000002,3
gpt-4o,exp2,0,0.0,0.022000000000000002,4
gpt-4o,exp2,0,0.1838345864661654,0.174,5
gpt-4o,exp2,0,0.0,0.022000000000000002,6
gpt-4o,exp2,0,0.0,0.022000000000000002,7
gpt-4o,exp2,0,0.0,0.152,8
gpt-4o,exp2,0,0.0,0.087,9
gpt-4o,exp2,0,0.0,0.043,10
gpt-4o,exp2,0,0.0,0.043,11
gpt-4o,exp2,0,0.0,0.022000000000000002,12
gpt-4o,exp2,0,0.0,0.065,13
gpt-4o,exp2,0,0.0,0.261,14
gpt-4o,exp2,0,0.0,0.022000000000000002,15
gpt-4o,exp2,0,0.0,0.022000000000000002,16
gpt-4o,exp2,0,0.0,0.022000000000000002,17
gpt-4o,exp2,0,0.0,0.065,18
gpt-4o,exp2,0,0.0,0.043,19
gpt-4o,exp2,0,0.0,0.13,20
gpt-4o,exp2,0,0.0,0.174,21
gpt-4o,exp2,0,0.0,0.043,22
gpt-4o,exp2,0,0.0,0.022000000000000002,23
gpt-4o,exp2,0,0.17126436781609194,0.043,24
gpt-4o,exp2,0,0.1417624521072797,0.019,25
gpt-4o,exp2,0,0.0,0.02,26
gpt-4o,exp2,0,0.10431003259688519,0.02,27
gpt-4o,exp2,0,0.016387602422515142,0.019,28
gpt-4o,exp2,0,0.0,0.019,29
gpt-4o,exp2,0,0.08316633266533066,0.019,30
gpt-4o,exp2,0,0.0,0.019,31
gpt-4o,exp2,0,0.0025289017341040463,0.019,32
gpt-4o,exp2,0,0.06558485463150777,0.019,33
gpt-4o,exp2,0,0.05181529784984138,0.019,34
gpt-4o,exp2,0,0.0461750516884907,0.019,35
gpt-4o,exp2,0,0.0,0.019,36
gpt-4o,exp2,0,0.05561241896963494,0.019,37
gpt-4o,exp2,0,0.0,0.018000000000000002,38
gpt-4o,exp2,0,0.0,0.018000000000000002,39
gpt-4o,exp2,0,0.0,0.145,40
gpt-4o,exp2,0,0.0,0.073,41
gpt-4o,exp2,0,0.0,0.055,42
gpt-4o,exp2,0,0.007786052809749492,0.036000000000000004,43
gpt-4o,exp2,0,0.27913100724160633,0.018000000000000002,44
gpt-4o,exp2,0,0.0,0.018000000000000002,45
gpt-4o,exp2,0,0.0,0.018000000000000002,46
gpt-4o,exp2,0,0.012186865267433988,0.145,47
gpt-4o,exp2,0,0.05584415584415584,0.018000000000000002,48
gpt-4o,exp2,0,0.0,0.018000000000000002,49
gpt-4o,exp2,0,0.050913838120104436,0.018000000000000002,50
gpt-4o,exp2,0,0.0,0.018000000000000002,51
gpt-4o,exp2,0,0.0,0.018000000000000002,52
gpt-4o,exp2,0,0.0,0.018000000000000002,53
gpt-4o,exp2,0,0.0,0.018000000000000002,54
gpt-4o,exp2,0,0.0,0.145,55
gpt-4o,exp2,0,0.17913832199546487,0.073,56
gpt-4o,exp2,0,0.034460124712832295,0.109,57
gpt-4o,exp2,0,0.0,0.018000000000000002,58
gpt-4o,exp2,0,0.07151979565772669,0.018000000000000002,59
gpt-4o,exp2,0,0.0,0.018000000000000002,60
gpt-4o,exp2,0,0.0,0.018000000000000002,61
gpt-4o,exp2,0,0.0,0.145,62
gpt-4o,exp2,0,0.0,0.073,63
gpt-4o,exp2,0,0.04616406509465294,0.055,64
gpt-4o,exp2,0,0.0,0.018000000000000002,65
gpt-4o,exp2,0,0.04927066450567261,0.036000000000000004,66
gpt-4o,exp2,0,0.0,0.018000000000000002,67
gpt-4o,exp2,0,0.1741409435061153,0.018000000000000002,68
gpt-4o,exp2,0,0.04729288975864318,0.145,69
gpt-4o,exp2,0,0.07420494699646643,0.018000000000000002,70
gpt-4o,exp2,0,0.0,0.018000000000000002,71
gpt-4o,exp2,0,0.07522820270695625,0.018000000000000002,72
gpt-4o,exp2,0,0.0,0.018000000000000002,73
gpt-4o,exp2,0,0.0,0.018000000000000002,74
gpt-4o,exp2,0,0.3576320939334638,0.364,75
gpt-4o,exp2,0,0.2940044886181468,0.018000000000000002,76
gpt-4o,exp2,0,0.0,0.018000000000000002,77
gpt-4o,exp2,0,0.0,0.018000000000000002,78
gpt-4o,exp2,0,0.0,0.145,79
gpt-4o,exp2,0,0.0,0.073,80
gpt-4o,exp2,0,0.08674101610904585,0.055,81
gpt-4o,exp2,0,0.0,0.018000000000000002,82
gpt-4o,exp2,0,0.0,0.018000000000000002,83
gpt-4o,exp2,0,0.0,0.364,84
gpt-4o,exp2,0,0.0,0.036000000000000004,85
gpt-4o,exp2,0,0.06233766233766234,0.018000000000000002,86
gpt-4o,exp2,0,0.05037866315442871,0.018000000000000002,87
gpt-4o,exp2,0,0.0,0.018000000000000002,88
gpt-4o,exp2,0,0.16888045540796964,0.018000000000000002,89
gpt-4o,exp2,0,0.0,0.018000000000000002,90
gpt-4o,exp2,0,0.0,0.018000000000000002,91
gpt-4o,exp2,0,0.07422113622480146,0.14300000000000002,92
gpt-4o,exp2,0,0.03782581055308328,0.018000000000000002,93
gpt-4o,exp2,0,0.019097793875535066,0.018000000000000002,94
gpt-4o,exp2,0,0.0,0.018000000000000002,95
gpt-4o,exp2,0,0.0,0.018000000000000002,96
gpt-4o,exp2,0,0.25436179981634527,0.14300000000000002,97
gpt-4o,exp2,0,0.0,0.018000000000000002,98
gpt-4o,exp2,0,0.05399431638774866,0.018000000000000002,99
gpt-4o,exp2,0,0.0,0.0,0
gpt-4o,exp2,0,0.0,0.017,1
gpt-4o,exp2,0,0.0,0.017,2
gpt-4o,exp2,0,0.09684947491248541,0.052000000000000005,3
gpt-4o,exp2,0,0.0,0.069,4
gpt-4o,exp2,0,0.0,0.069,5
gpt-4o,exp2,0,0.0,0.017,6
gpt-4o,exp2,0,0.05719921104536489,0.017,7
gpt-4o,exp2,0,0.0,0.017,8
gpt-4o,exp2,0,0.02365930599369085,0.017,9
gpt-4o,exp2,0,0.04228571428571429,0.017,10
gpt-4o,exp2,0,0.0,0.017,11
gpt-4o,exp2,0,0.0,0.017,12
gpt-4o,exp2,0,0.0,0.051,13
gpt-4o,exp2,0,0.0,0.017,14
gpt-4o,exp2,0,0.0,0.136,15
gpt-4o,exp2,0,0.04432556362246848,0.017,16
gpt-4o,exp2,0,0.0,0.017,17
gpt-4o,exp2,0,0.2815638450502152,0.017,18
gpt-4o,exp2,0,0.0,0.017,19
gpt-4o,exp2,0,0.0,0.017,20
gpt-4o,exp2,0,0.0,0.1,21
gpt-4o,exp2,0,0.0,0.05,22
gpt-4o,exp2,0,0.0,0.017,23
gpt-4o,exp2,0,0.2644249140236912,0.067,24
gpt-4o,exp2,0,0.0,0.017,25
gpt-4o,exp2,0,0.0,0.017,26
gpt-4o,exp2,0,0.0,0.05,27
gpt-4o,exp2,0,0.0,0.017,28
gpt-4o,exp2,0,0.0,0.133,29
gpt-4o,exp2,0,0.0,0.017,30
gpt-4o,exp2,0,0.11862068965517242,0.017,31
gpt-4o,exp2,0,0.0,0.017,32
gpt-4o,exp2,0,0.0,0.067,33
gpt-4o,exp2,0,0.28241430700447095,0.5,34
gpt-4o,exp2,0,0.0,0.017,35
gpt-4o,exp2,0,0.0,0.017,36
gpt-4o,exp2,0,0.0,0.267,37
gpt-4o,exp2,0,0.11666072065643952,0.017,38
gpt-4o,exp2,0,0.0,0.047,39
gpt-4o,exp2,0,0.0,0.42200000000000004,40
gpt-4o,exp2,0,0.0,0.141,41
gpt-4o,exp2,0,0.0,0.047,42
gpt-4o,exp2,0,0.0,0.016,43
gpt-4o,exp2,0,0.11437598736176935,0.016,44
gpt-4o,exp2,0,0.0,0.016,45
gpt-4o,exp2,0,0.0,0.016,46
gpt-4o,exp2,0,0.0,0.031,47
gpt-4o,exp2,0,0.10698466780238501,0.078,48
gpt-4o,exp2,0,0.0,0.469,49
gpt-4o,exp2,0,0.0,0.016,50
gpt-4o,exp2,0,0.039732770745428976,0.016,51
gpt-4o,exp2,0,0.2440041710114703,0.031,52
gpt-4o,exp2,0,0.10485436893203884,0.016,53
gpt-4o,exp2,0,0.30003567606136283,0.047,54
gpt-4o,exp2,0,0.4573671066714235,0.078,55
gpt-4o,exp2,0,0.0,0.078,56
gpt-4o,exp2,0,0.18159115233678202,0.062,57
gpt-4o,exp2,0,0.0,0.062,58
gpt-4o,exp2,0,0.0984659293613985,0.016,59
gpt-4o,exp2,0,0.06102494942683749,0.016,60
gpt-4o,exp2,0,0.04335950836462957,0.016,61
gpt-4o,exp2,0,0.0,0.016,62
gpt-4o,exp2,0,0.20442383160899036,0.312,63
gpt-4o,exp2,0,0.047063253012048195,0.105,64
gpt-4o,exp2,0,0.0,0.018000000000000002,65
gpt-4o,exp2,0,0.0,0.07,66
gpt-4o,exp2,0,0.0,0.33299999999999996,67
gpt-4o,exp2,0,0.0,0.018000000000000002,68
gpt-4o,exp2,0,0.04856254856254856,0.018000000000000002,69
gpt-4o,exp2,0,0.0,0.07,70
gpt-4o,exp2,0,0.0,0.018000000000000002,71
gpt-4o,exp2,0,0.0,0.053,72
gpt-4o,exp2,0,0.0,0.07,73
gpt-4o,exp2,0,0.0,0.228,74
gpt-4o,exp2,0,0.0,0.018000000000000002,75
gpt-4o,exp2,0,0.0,0.053,76
gpt-4o,exp2,0,0.0,0.053,77
gpt-4o,exp2,0,0.0,0.018000000000000002,78
gpt-4o,exp2,0,0.10050251256281408,0.07,79
gpt-4o,exp2,0,0.0,0.07,80
gpt-4o,exp2,0,0.0,0.018000000000000002,81
gpt-4o,exp2,0,0.0,0.018000000000000002,82
gpt-4o,exp2,0,0.0,0.018000000000000002,83
gpt-4o,exp2,0,0.0,0.018000000000000002,84
gpt-4o,exp2,0,0.0,0.035,85
gpt-4o,exp2,0,0.0,0.018000000000000002,86
gpt-4o,exp2,0,0.0,0.105,87
gpt-4o,exp2,0,0.0,0.08800000000000001,88
gpt-4o,exp2,0,0.01803214425715406,0.053,89
gpt-4o,exp2,0,0.0,0.018000000000000002,90
gpt-4o,exp2,0,0.0,0.018000000000000002,91
gpt-4o,exp2,0,0.0,0.018000000000000002,92
gpt-4o,exp2,0,0.0,0.018000000000000002,93
gpt-4o,exp2,0,0.0,0.14,94
gpt-4o,exp2,0,0.0,0.018000000000000002,95
gpt-4o,exp2,0,0.0,0.105,96
gpt-4o,exp2,0,0.07399103139013453,0.018000000000000002,97
gpt-4o,exp2,0,0.01743510267338241,0.018000000000000002,98
gpt-4o,exp2,0,0.0,0.018000000000000002,99
gpt-4o,exp2,0,0.0,0.0,0
gpt-4o,exp2,0,0.0,0.131,1
gpt-4o,exp2,0,0.0,0.016,2
gpt-4o,exp2,0,0.0,0.213,3
gpt-4o,exp2,0,0.044156832889227254,0.016,4
gpt-4o,exp2,0,0.0,0.049,5
gpt-4o,exp2,0,0.1897029702970297,0.049,6
gpt-4o,exp2,0,0.0,0.016,7
gpt-4o,exp2,0,0.0,0.016,8
gpt-4o,exp2,0,0.08634164495720134,0.14800000000000002,9
gpt-4o,exp2,0,0.0,0.016,10
gpt-4o,exp2,0,0.0,0.033,11
gpt-4o,exp2,0,0.21081081081081082,0.18,12
gpt-4o,exp2,0,0.23586810228802155,0.028999999999999998,13
gpt-4o,exp2,0,0.0,0.028999999999999998,14
gpt-4o,exp2,0,0.13347093223254214,0.015,15
gpt-4o,exp2,0,0.09769521843825249,0.028999999999999998,16
gpt-4o,exp2,0,0.0,0.057999999999999996,17
gpt-4o,exp2,0,0.0,0.028999999999999998,18
gpt-4o,exp2,0,0.04552952820851204,0.013999999999999999,19
gpt-4o,exp2,0,0.0,0.057999999999999996,20
gpt-4o,exp2,0,0.0,0.028999999999999998,21
gpt-4o,exp2,0,0.0,0.013999999999999999,22
gpt-4o,exp2,0,0.1829588561423986,0.10099999999999999,23
gpt-4o,exp2,0,0.0,0.028999999999999998,24
gpt-4o,exp2,0,0.0,0.013999999999999999,25
gpt-4o,exp2,0,0.08171082030003192,0.057999999999999996,26
gpt-4o,exp2,0,0.09283903675538656,0.057999999999999996,27
gpt-4o,exp2,0,0.0,0.07200000000000001,28
gpt-4o,exp2,0,0.0,0.013999999999999999,29
gpt-4o,exp2,0,0.0,0.013999999999999999,30
gpt-4o,exp2,0,0.04242625124295658,0.013999999999999999,31
gpt-4o,exp2,0,0.10597061581744295,0.057999999999999996,32
gpt-4o,exp2,0,0.13653013653013654,0.013999999999999999,33
gpt-4o,exp2,0,0.0,0.07200000000000001,34
gpt-4o,exp2,0,0.0,0.028999999999999998,35
gpt-4o,exp2,0,0.0926984126984127,0.013999999999999999,36
gpt-4o,exp2,0,0.0,0.068,37
gpt-4o,exp2,0,0.3314285714285714,0.027000000000000003,38
gpt-4o,exp2,0,0.30412698412698413,0.068,39
gpt-4o,exp2,0,0.39431508920471725,0.068,40
gpt-4o,exp2,0,0.4515951595159516,0.26,41
gpt-4o,exp2,0,0.0,0.013999999999999999,42
gpt-4o,exp2,0,0.0,0.342,43
gpt-4o,exp2,0,0.0,0.055,44
gpt-4o,exp2,0,0.3326984126984127,0.013999999999999999,45
gpt-4o,exp2,0,0.0,0.068,46
gpt-4o,exp2,0,0.03847366761274046,0.027000000000000003,47
gpt-4o,exp2,0,0.0,0.068,48
gpt-4o,exp2,0,0.0,0.027000000000000003,49
gpt-4o,exp2,0,0.0,0.013999999999999999,50
gpt-4o,exp2,0,0.0,0.013999999999999999,51
gpt-4o,exp2,0,0.0,0.027000000000000003,52
gpt-4o,exp2,0,0.021649156319643426,0.027000000000000003,53
gpt-4o,exp2,0,0.058735391069823194,0.013999999999999999,54
gpt-4o,exp2,0,0.06601248884924175,0.013999999999999999,55
gpt-4o,exp2,0,0.0,0.013000000000000001,56
gpt-4o,exp2,0,0.0,0.013000000000000001,57
gpt-4o,exp2,0,0.0,0.013000000000000001,58
gpt-4o,exp2,0,0.0,0.013000000000000001,59
gpt-4o,exp2,0,0.0,0.013000000000000001,60
gpt-4o,exp2,0,0.06259055346276442,0.051,61
gpt-4o,exp2,0,0.018961493582263712,0.013000000000000001,62
gpt-4o,exp2,0,0.0,0.013000000000000001,63
gpt-4o,exp2,0,0.12467464862051016,0.013000000000000001,64
gpt-4o,exp2,0,0.03195164075993091,0.09,65
gpt-4o,exp2,0,0.039615166949632144,0.013000000000000001,66
gpt-4o,exp2,0,0.0,0.012,67
gpt-4o,exp2,0,0.0,0.23800000000000002,68
gpt-4o,exp2,0,0.0,0.012,69
gpt-4o,exp2,0,0.0,0.012,70
gpt-4o,exp2,0,0.0,0.038,71
gpt-4o,exp2,0,0.03236423477783873,0.012,72
gpt-4o,exp2,0,0.05933952528379773,0.012,73
gpt-4o,exp2,0,0.0,0.012,74
gpt-4o,exp2,0,0.0,0.025,75
gpt-4o,exp2,0,0.16145833333333334,0.14800000000000002,76
gpt-4o,exp2,0,0.0,0.012,77
gpt-4o,exp2,0,0.03113358169238957,0.012,78
gpt-4o,exp2,0,0.0030087527352297594,0.012,79
gpt-4o,exp2,0,0.03211252653927813,0.012,80
gpt-4o,exp2,0,0.06956741715153049,0.012,81
gpt-4o,exp2,0,0.0,0.012,82
gpt-4o,exp2,0,0.0,0.049,83
gpt-4o,exp2,0,0.0,0.024,84
gpt-4o,exp2,0,0.10943302797722208,0.11,85
gpt-4o,exp2,0,0.0,0.012,86
gpt-4o,exp2,0,0.0,0.012,87
gpt-4o,exp2,0,0.0,0.024,88
gpt-4o,exp2,0,0.0,0.146,89
gpt-4o,exp2,0,0.0,0.061,90
gpt-4o,exp2,0,0.06081754735792622,0.012,91
gpt-4o,exp2,0,0.0,0.012,92
gpt-4o,exp2,0,0.0,0.012,93
gpt-4o,exp2,0,0.0,0.085,94
gpt-4o,exp2,0,0.0,0.439,95
gpt-4o,exp2,0,0.4891188959660297,0.354,96
gpt-4o,exp2,0,0.047763457164518575,0.024,97
gpt-4o,exp2,0,0.049974760222110046,0.012,98
gpt-4o,exp2,0,0.0,0.012,99
